epochs,lr,mixup,label_smoothing,cutout,top1,log_file
30,0.2,0.2,0.1,True,90.97,ft_e30_lr0.2_mix0.2_ls0.1_cuton.log
30,0.2,0.2,0.1,False,91.98,ft_e30_lr0.2_mix0.2_ls0.1_cutoff.log
30,0.2,0.2,0.0,True,91.2,ft_e30_lr0.2_mix0.2_ls0_cuton.log
30,0.2,0.2,0.0,False,90.53,ft_e30_lr0.2_mix0.2_ls0_cutoff.log
30,0.2,-1.0,0.1,True,91.99,ft_e30_lr0.2_mix-1_ls0.1_cuton.log
30,0.2,-1.0,0.1,False,91.76,ft_e30_lr0.2_mix-1_ls0.1_cutoff.log
30,0.2,-1.0,0.0,True,89.43,ft_e30_lr0.2_mix-1_ls0_cuton.log
30,0.2,-1.0,0.0,False,92.69,ft_e30_lr0.2_mix-1_ls0_cutoff.log
30,0.1,0.2,0.1,True,91.03,ft_e30_lr0.1_mix0.2_ls0.1_cuton.log
30,0.1,0.2,0.1,False,91.68,ft_e30_lr0.1_mix0.2_ls0.1_cutoff.log
30,0.1,0.2,0.0,True,90.97,ft_e30_lr0.1_mix0.2_ls0_cuton.log
30,0.1,0.2,0.0,False,92.15,ft_e30_lr0.1_mix0.2_ls0_cutoff.log
30,0.1,-1.0,0.1,True,92.11,ft_e30_lr0.1_mix-1_ls0.1_cuton.log
30,0.1,-1.0,0.1,False,92.0,ft_e30_lr0.1_mix-1_ls0.1_cutoff.log
30,0.1,-1.0,0.0,True,91.78,ft_e30_lr0.1_mix-1_ls0_cuton.log
30,0.1,-1.0,0.0,False,92.24,ft_e30_lr0.1_mix-1_ls0_cutoff.log
30,0.05,0.2,0.1,True,88.9,ft_e30_lr0.05_mix0.2_ls0.1_cuton.log
30,0.05,0.2,0.1,False,89.54,ft_e30_lr0.05_mix0.2_ls0.1_cutoff.log
30,0.05,0.2,0.0,True,88.82,ft_e30_lr0.05_mix0.2_ls0_cuton.log
30,0.05,0.2,0.0,False,90.21,ft_e30_lr0.05_mix0.2_ls0_cutoff.log
30,0.05,-1.0,0.1,True,89.9,ft_e30_lr0.05_mix-1_ls0.1_cuton.log
30,0.05,-1.0,0.1,False,90.15,ft_e30_lr0.05_mix-1_ls0.1_cutoff.log
30,0.05,-1.0,0.0,True,90.65,ft_e30_lr0.05_mix-1_ls0_cuton.log
30,0.05,-1.0,0.0,False,90.66,ft_e30_lr0.05_mix-1_ls0_cutoff.log
60,0.2,0.2,0.1,True,94.68,ft_e60_lr0.2_mix0.2_ls0.1_cuton.log
60,0.2,0.2,0.1,False,94.61,ft_e60_lr0.2_mix0.2_ls0.1_cutoff.log
60,0.2,0.2,0.0,True,95.04,ft_e60_lr0.2_mix0.2_ls0_cuton.log
60,0.2,0.2,0.0,False,94.47,ft_e60_lr0.2_mix0.2_ls0_cutoff.log
60,0.2,-1.0,0.1,True,94.97,ft_e60_lr0.2_mix-1_ls0.1_cuton.log
60,0.2,-1.0,0.1,False,94.34,ft_e60_lr0.2_mix-1_ls0.1_cutoff.log
60,0.2,-1.0,0.0,True,94.31,ft_e60_lr0.2_mix-1_ls0_cuton.log
60,0.2,-1.0,0.0,False,94.54,ft_e60_lr0.2_mix-1_ls0_cutoff.log
60,0.1,0.2,0.1,True,94.27,ft_e60_lr0.1_mix0.2_ls0.1_cuton.log
60,0.1,0.2,0.1,False,94.18,ft_e60_lr0.1_mix0.2_ls0.1_cutoff.log
60,0.1,0.2,0.0,True,94.73,ft_e60_lr0.1_mix0.2_ls0_cuton.log
60,0.1,0.2,0.0,False,94.3,ft_e60_lr0.1_mix0.2_ls0_cutoff.log
60,0.1,-1.0,0.1,True,94.76,ft_e60_lr0.1_mix-1_ls0.1_cuton.log
60,0.1,-1.0,0.1,False,93.83,ft_e60_lr0.1_mix-1_ls0.1_cutoff.log
60,0.1,-1.0,0.0,True,94.65,ft_e60_lr0.1_mix-1_ls0_cuton.log
60,0.1,-1.0,0.0,False,94.22,ft_e60_lr0.1_mix-1_ls0_cutoff.log
60,0.05,0.2,0.1,True,92.96,ft_e60_lr0.05_mix0.2_ls0.1_cuton.log
60,0.05,0.2,0.1,False,92.99,ft_e60_lr0.05_mix0.2_ls0.1_cutoff.log
60,0.05,0.2,0.0,True,92.95,ft_e60_lr0.05_mix0.2_ls0_cuton.log
60,0.05,0.2,0.0,False,93.31,ft_e60_lr0.05_mix0.2_ls0_cutoff.log
60,0.05,-1.0,0.1,True,93.61,ft_e60_lr0.05_mix-1_ls0.1_cuton.log
60,0.05,-1.0,0.1,False,92.82,ft_e60_lr0.05_mix-1_ls0.1_cutoff.log
60,0.05,-1.0,0.0,True,93.66,ft_e60_lr0.05_mix-1_ls0_cuton.log
60,0.05,-1.0,0.0,False,93.21,ft_e60_lr0.05_mix-1_ls0_cutoff.log
90,0.2,0.2,0.1,True,95.3,ft_e90_lr0.2_mix0.2_ls0.1_cuton.log
90,0.2,0.2,0.1,False,95.36,ft_e90_lr0.2_mix0.2_ls0.1_cutoff.log
90,0.2,0.2,0.0,True,95.79,ft_e90_lr0.2_mix0.2_ls0_cuton.log
90,0.2,0.2,0.0,False,95.43,ft_e90_lr0.2_mix0.2_ls0_cutoff.log
90,0.2,-1.0,0.1,True,95.87,ft_e90_lr0.2_mix-1_ls0.1_cuton.log
90,0.2,-1.0,0.1,False,94.93,ft_e90_lr0.2_mix-1_ls0.1_cutoff.log
90,0.2,-1.0,0.0,True,95.39,ft_e90_lr0.2_mix-1_ls0_cuton.log
90,0.2,-1.0,0.0,False,95.1,ft_e90_lr0.2_mix-1_ls0_cutoff.log
90,0.1,0.2,0.1,True,95.72,ft_e90_lr0.1_mix0.2_ls0.1_cuton.log
90,0.1,0.2,0.1,False,95.33,ft_e90_lr0.1_mix0.2_ls0.1_cutoff.log
90,0.1,0.2,0.0,True,95.65,ft_e90_lr0.1_mix0.2_ls0_cuton.log
90,0.1,0.2,0.0,False,94.88,ft_e90_lr0.1_mix0.2_ls0_cutoff.log
90,0.1,-1.0,0.1,True,95.93,ft_e90_lr0.1_mix-1_ls0.1_cuton.log
90,0.1,-1.0,0.1,False,94.48,ft_e90_lr0.1_mix-1_ls0.1_cutoff.log
90,0.1,-1.0,0.0,True,95.53,ft_e90_lr0.1_mix-1_ls0_cuton.log
90,0.1,-1.0,0.0,False,95.22,ft_e90_lr0.1_mix-1_ls0_cutoff.log
90,0.05,0.2,0.1,True,94.63,ft_e90_lr0.05_mix0.2_ls0.1_cuton.log
90,0.05,0.2,0.1,False,93.97,ft_e90_lr0.05_mix0.2_ls0.1_cutoff.log
90,0.05,0.2,0.0,True,94.67,ft_e90_lr0.05_mix0.2_ls0_cuton.log
90,0.05,0.2,0.0,False,94.1,ft_e90_lr0.05_mix0.2_ls0_cutoff.log
90,0.05,-1.0,0.1,True,94.59,ft_e90_lr0.05_mix-1_ls0.1_cuton.log
90,0.05,-1.0,0.1,False,93.77,ft_e90_lr0.05_mix-1_ls0.1_cutoff.log
90,0.05,-1.0,0.0,True,95.08,ft_e90_lr0.05_mix-1_ls0_cuton.log
90,0.05,-1.0,0.0,False,93.94,ft_e90_lr0.05_mix-1_ls0_cutoff.log
120,0.2,0.2,0.1,True,95.79,ft_e120_lr0.2_mix0.2_ls0.1_cuton.log
120,0.2,0.2,0.1,False,95.58,ft_e120_lr0.2_mix0.2_ls0.1_cutoff.log
120,0.2,0.2,0.0,True,96.16,ft_e120_lr0.2_mix0.2_ls0_cuton.log
120,0.2,0.2,0.0,False,95.58,ft_e120_lr0.2_mix0.2_ls0_cutoff.log
120,0.2,-1.0,0.1,True,96.04,ft_e120_lr0.2_mix-1_ls0.1_cuton.log
120,0.2,-1.0,0.1,False,95.05,ft_e120_lr0.2_mix-1_ls0.1_cutoff.log
120,0.2,-1.0,0.0,True,95.79,ft_e120_lr0.2_mix-1_ls0_cuton.log
120,0.2,-1.0,0.0,False,95.12,ft_e120_lr0.2_mix-1_ls0_cutoff.log
120,0.1,0.2,0.1,True,96.11,ft_e120_lr0.1_mix0.2_ls0.1_cuton.log
120,0.1,0.2,0.1,False,95.55,ft_e120_lr0.1_mix0.2_ls0.1_cutoff.log
120,0.1,0.2,0.0,True,96.22,ft_e120_lr0.1_mix0.2_ls0_cuton.log
120,0.1,0.2,0.0,False,95.6,ft_e120_lr0.1_mix0.2_ls0_cutoff.log
120,0.1,-1.0,0.1,True,96.41,ft_e120_lr0.1_mix-1_ls0.1_cuton.log
120,0.1,-1.0,0.1,False,95.28,ft_e120_lr0.1_mix-1_ls0.1_cutoff.log
120,0.1,-1.0,0.0,True,96.17,ft_e120_lr0.1_mix-1_ls0_cuton.log
120,0.1,-1.0,0.0,False,95.24,ft_e120_lr0.1_mix-1_ls0_cutoff.log
120,0.05,0.2,0.1,True,95.48,ft_e120_lr0.05_mix0.2_ls0.1_cuton.log
120,0.05,0.2,0.1,False,94.72,ft_e120_lr0.05_mix0.2_ls0.1_cutoff.log
120,0.05,0.2,0.0,True,95.74,ft_e120_lr0.05_mix0.2_ls0_cuton.log
120,0.05,0.2,0.0,False,95.04,ft_e120_lr0.05_mix0.2_ls0_cutoff.log
120,0.05,-1.0,0.1,True,95.47,ft_e120_lr0.05_mix-1_ls0.1_cuton.log
120,0.05,-1.0,0.1,False,94.3,ft_e120_lr0.05_mix-1_ls0.1_cutoff.log
120,0.05,-1.0,0.0,True,95.56,ft_e120_lr0.05_mix-1_ls0_cuton.log
120,0.05,-1.0,0.0,False,94.73,ft_e120_lr0.05_mix-1_ls0_cutoff.log
200,0.2,0.2,0.1,True,96.16,ft_e200_lr0.2_mix0.2_ls0.1_cuton.log
200,0.2,0.2,0.1,False,95.86,ft_e200_lr0.2_mix0.2_ls0.1_cutoff.log
200,0.2,0.2,0.0,True,96.15,ft_e200_lr0.2_mix0.2_ls0_cuton.log
200,0.2,0.2,0.0,False,95.82,ft_e200_lr0.2_mix0.2_ls0_cutoff.log
200,0.2,-1.0,0.1,True,96.16,ft_e200_lr0.2_mix-1_ls0.1_cuton.log
200,0.2,-1.0,0.1,False,95.29,ft_e200_lr0.2_mix-1_ls0.1_cutoff.log
200,0.2,-1.0,0.0,True,95.79,ft_e200_lr0.2_mix-1_ls0_cuton.log
200,0.2,-1.0,0.0,False,95.14,ft_e200_lr0.2_mix-1_ls0_cutoff.log
200,0.1,0.2,0.1,True,96.64,ft_e200_lr0.1_mix0.2_ls0.1_cuton.log
200,0.1,0.2,0.1,False,96.22,ft_e200_lr0.1_mix0.2_ls0.1_cutoff.log
200,0.1,0.2,0.0,True,96.74,ft_e200_lr0.1_mix0.2_ls0_cuton.log
200,0.1,0.2,0.0,False,96.17,ft_e200_lr0.1_mix0.2_ls0_cutoff.log
200,0.1,-1.0,0.1,True,96.95,ft_e200_lr0.1_mix-1_ls0.1_cuton.log
200,0.1,-1.0,0.1,False,95.51,ft_e200_lr0.1_mix-1_ls0.1_cutoff.log
200,0.1,-1.0,0.0,True,96.59,ft_e200_lr0.1_mix-1_ls0_cuton.log
200,0.1,-1.0,0.0,False,95.92,ft_e200_lr0.1_mix-1_ls0_cutoff.log
200,0.05,0.2,0.1,True,96.34,ft_e200_lr0.05_mix0.2_ls0.1_cuton.log
200,0.05,0.2,0.1,False,96.0,ft_e200_lr0.05_mix0.2_ls0.1_cutoff.log
200,0.05,0.2,0.0,True,96.2,ft_e200_lr0.05_mix0.2_ls0_cuton.log
200,0.05,0.2,0.0,False,95.92,ft_e200_lr0.05_mix0.2_ls0_cutoff.log
200,0.05,-1.0,0.1,True,96.02,ft_e200_lr0.05_mix-1_ls0.1_cuton.log
200,0.05,-1.0,0.1,False,95.11,ft_e200_lr0.05_mix-1_ls0.1_cutoff.log
200,0.05,-1.0,0.0,True,96.26,ft_e200_lr0.05_mix-1_ls0_cuton.log
200,0.05,-1.0,0.0,False,95.25,ft_e200_lr0.05_mix-1_ls0_cutoff.log
300,0.2,0.2,0.1,True,96.46,ft_e300_lr0.2_mix0.2_ls0.1_cuton.log
300,0.2,0.2,0.1,False,95.91,ft_e300_lr0.2_mix0.2_ls0.1_cutoff.log
300,0.2,0.2,0.0,True,95.93,ft_e300_lr0.2_mix0.2_ls0_cuton.log
300,0.2,0.2,0.0,False,95.62,ft_e300_lr0.2_mix0.2_ls0_cutoff.log
300,0.2,-1.0,0.1,True,95.92,ft_e300_lr0.2_mix-1_ls0.1_cuton.log
300,0.2,-1.0,0.1,False,95.39,ft_e300_lr0.2_mix-1_ls0.1_cutoff.log
300,0.2,-1.0,0.0,True,95.81,ft_e300_lr0.2_mix-1_ls0_cuton.log
300,0.2,-1.0,0.0,False,95.04,ft_e300_lr0.2_mix-1_ls0_cutoff.log
300,0.1,0.2,0.1,True,96.98,ft_e300_lr0.1_mix0.2_ls0.1_cuton.log
300,0.1,0.2,0.1,False,96.19,ft_e300_lr0.1_mix0.2_ls0.1_cutoff.log
300,0.1,0.2,0.0,True,96.85,ft_e300_lr0.1_mix0.2_ls0_cuton.log
300,0.1,0.2,0.0,False,96.34,ft_e300_lr0.1_mix0.2_ls0_cutoff.log
300,0.1,-1.0,0.1,True,96.76,ft_e300_lr0.1_mix-1_ls0.1_cuton.log
300,0.1,-1.0,0.1,False,96.02,ft_e300_lr0.1_mix-1_ls0.1_cutoff.log
300,0.1,-1.0,0.0,True,96.53,ft_e300_lr0.1_mix-1_ls0_cuton.log
300,0.1,-1.0,0.0,False,95.61,ft_e300_lr0.1_mix-1_ls0_cutoff.log
300,0.05,0.2,0.1,True,96.98,ft_e300_lr0.05_mix0.2_ls0.1_cuton.log
300,0.05,0.2,0.1,False,96.32,ft_e300_lr0.05_mix0.2_ls0.1_cutoff.log
300,0.05,0.2,0.0,True,97.04,ft_e300_lr0.05_mix0.2_ls0_cuton.log
300,0.05,0.2,0.0,False,96.31,ft_e300_lr0.05_mix0.2_ls0_cutoff.log
300,0.05,-1.0,0.1,True,96.61,ft_e300_lr0.05_mix-1_ls0.1_cuton.log
300,0.05,-1.0,0.1,False,95.38,ft_e300_lr0.05_mix-1_ls0.1_cutoff.log
300,0.05,-1.0,0.0,True,96.55,ft_e300_lr0.05_mix-1_ls0_cuton.log
300,0.05,-1.0,0.0,False,95.84,ft_e300_lr0.05_mix-1_ls0_cutoff.log
