id,filename,n_blocks,samples,seed,mode,fitness,params_mb,params,flops,total_conv_fc_flops,acts,op_codes,width_codes
1b9c9ba4,random_run_nblk5_samples50_seed0.json,5,50,0,random,1531283.0,0.117466,117466,77113984,71461504,2081318,"[16, 8, 13, 15, 15]","[2, 2, 2, 1, 0, 1, 2]"
96d533a5,random_run_nblk5_samples50_seed1.json,5,50,1,random,1651919.0,0.057738,57738,47656960,42446848,2048090,"[10, 6, 6, 12, 13]","[2, 2, 0, 1, 0, 1, 0]"
34a95ba1,random_run_nblk5_samples50_seed2.json,5,50,2,random,1679511.0,0.077498,77498,69920768,64514048,2179082,"[2, 2, 6, 6, 4]","[2, 2, 2, 1, 0, 2, 1]"
14521537,random_run_nblk5_samples100_seed0.json,5,100,0,random,1636837.0,0.096938,96938,79253760,73388288,2326738,"[1, 12, 14, 7, 6]","[2, 2, 2, 0, 2, 2, 1]"
b09893e1,random_run_nblk5_samples100_seed1.json,5,100,1,random,1651919.0,0.057738,57738,47656960,42446848,2048090,"[10, 6, 6, 12, 13]","[2, 2, 0, 1, 0, 1, 0]"
9fe4051b,random_run_nblk5_samples100_seed2.json,5,100,2,random,1679511.0,0.077498,77498,69920768,64514048,2179082,"[2, 2, 6, 6, 4]","[2, 2, 2, 1, 0, 2, 1]"
a4deab82,random_run_nblk5_samples160_seed0.json,5,160,0,random,1636837.0,0.096938,96938,79253760,73388288,2326738,"[1, 12, 14, 7, 6]","[2, 2, 2, 0, 2, 2, 1]"
aa640fb6,random_run_nblk5_samples160_seed1.json,5,160,1,random,1756141.0,0.088138,88138,54480512,48565888,2179702,"[7, 15, 15, 13, 13]","[2, 2, 0, 2, 0, 2, 1]"
1cfe9b0e,random_run_nblk5_samples160_seed2.json,5,160,2,random,1679511.0,0.077498,77498,69920768,64514048,2179082,"[2, 2, 6, 6, 4]","[2, 2, 2, 1, 0, 2, 1]"
24e33f4b,random_run_nblk5_samples200_seed0.json,5,200,0,random,1637140.0,0.070874,70874,62008448,57166976,1871942,"[2, 5, 6, 16, 14]","[1, 0, 2, 1, 1, 0, 2]"
e21550f0,random_run_nblk5_samples200_seed1.json,5,200,1,random,1756141.0,0.088138,88138,54480512,48565888,2179702,"[7, 15, 15, 13, 13]","[2, 2, 0, 2, 0, 2, 1]"
bc854d82,random_run_nblk5_samples200_seed2.json,5,200,2,random,1865498.0,0.129314,129314,83403008,77111552,2376290,"[14, 8, 15, 7, 15]","[0, 2, 2, 1, 2, 2, 2]"
dfcaa700,random_run_nblk5_samples300_seed0.json,5,300,0,random,1637140.0,0.070874,70874,62008448,57166976,1871942,"[2, 5, 6, 16, 14]","[1, 0, 2, 1, 1, 0, 2]"
8f11fcf1,random_run_nblk5_samples300_seed1.json,5,300,1,random,1756141.0,0.088138,88138,54480512,48565888,2179702,"[7, 15, 15, 13, 13]","[2, 2, 0, 2, 0, 2, 1]"
edee5398,random_run_nblk5_samples300_seed2.json,5,300,2,random,1865498.0,0.129314,129314,83403008,77111552,2376290,"[14, 8, 15, 7, 15]","[0, 2, 2, 1, 2, 2, 2]"
95b97f64,random_run_nblk5_samples320_seed0.json,5,320,0,random,1637140.0,0.070874,70874,62008448,57166976,1871942,"[2, 5, 6, 16, 14]","[1, 0, 2, 1, 1, 0, 2]"
9a6bf5c1,random_run_nblk5_samples320_seed1.json,5,320,1,random,1756141.0,0.088138,88138,54480512,48565888,2179702,"[7, 15, 15, 13, 13]","[2, 2, 0, 2, 0, 2, 1]"
3b16ff45,random_run_nblk5_samples320_seed2.json,5,320,2,random,1865498.0,0.129314,129314,83403008,77111552,2376290,"[14, 8, 15, 7, 15]","[0, 2, 2, 1, 2, 2, 2]"
ccaa3596,random_run_nblk5_samples400_seed0.json,5,400,0,random,1638230.0,0.06953,69530,51998304,46820960,1921384,"[13, 15, 15, 7, 12]","[1, 0, 1, 1, 0, 2, 1]"
3f4ff3ca,random_run_nblk5_samples400_seed1.json,5,400,1,random,1878810.0,0.090346,90346,66873088,60827392,2351474,"[15, 15, 15, 6, 6]","[0, 2, 1, 2, 2, 2, 1]"
236a65c0,random_run_nblk5_samples400_seed2.json,5,400,2,random,1865498.0,0.129314,129314,83403008,77111552,2376290,"[14, 8, 15, 7, 15]","[0, 2, 2, 1, 2, 2, 2]"
34f64f12,random_run_nblk5_samples500_seed0.json,5,500,0,random,1798967.0,0.092426,92426,59673344,53922560,2154986,"[4, 4, 15, 5, 7]","[0, 2, 1, 1, 0, 2, 0]"
dbb066b8,random_run_nblk5_samples500_seed1.json,5,500,1,random,1878810.0,0.090346,90346,66873088,60827392,2351474,"[15, 15, 15, 6, 6]","[0, 2, 1, 2, 2, 2, 1]"
510c8abc,random_run_nblk5_samples500_seed2.json,5,500,2,random,1865498.0,0.129314,129314,83403008,77111552,2376290,"[14, 8, 15, 7, 15]","[0, 2, 2, 1, 2, 2, 2]"
2eeb0707,random_run_nblk5_samples600_seed0.json,5,600,0,random,1798967.0,0.092426,92426,59673344,53922560,2154986,"[4, 4, 15, 5, 7]","[0, 2, 1, 1, 0, 2, 0]"
3729fd46,random_run_nblk5_samples600_seed1.json,5,600,1,random,1878810.0,0.090346,90346,66873088,60827392,2351474,"[15, 15, 15, 6, 6]","[0, 2, 1, 2, 2, 2, 1]"
f1233da4,random_run_nblk5_samples600_seed2.json,5,600,2,random,1865498.0,0.129314,129314,83403008,77111552,2376290,"[14, 8, 15, 7, 15]","[0, 2, 2, 1, 2, 2, 2]"
2c9ffac2,random_run_nblk5_samples640_seed0.json,5,640,0,random,1798967.0,0.092426,92426,59673344,53922560,2154986,"[4, 4, 15, 5, 7]","[0, 2, 1, 1, 0, 2, 0]"
1658397c,random_run_nblk5_samples640_seed1.json,5,640,1,random,1878810.0,0.090346,90346,66873088,60827392,2351474,"[15, 15, 15, 6, 6]","[0, 2, 1, 2, 2, 2, 1]"
eefe28b4,random_run_nblk5_samples640_seed2.json,5,640,2,random,1865498.0,0.129314,129314,83403008,77111552,2376290,"[14, 8, 15, 7, 15]","[0, 2, 2, 1, 2, 2, 2]"
242991b0,random_run_nblk5_samples800_seed0.json,5,800,0,random,1798967.0,0.092426,92426,59673344,53922560,2154986,"[4, 4, 15, 5, 7]","[0, 2, 1, 1, 0, 2, 0]"
34d02372,random_run_nblk5_samples800_seed1.json,5,800,1,random,1878810.0,0.090346,90346,66873088,60827392,2351474,"[15, 15, 15, 6, 6]","[0, 2, 1, 2, 2, 2, 1]"
2ccd837b,random_run_nblk5_samples800_seed2.json,5,800,2,random,1865498.0,0.129314,129314,83403008,77111552,2376290,"[14, 8, 15, 7, 15]","[0, 2, 2, 1, 2, 2, 2]"
7e3f68cb,random_run_nblk5_samples960_seed0.json,5,960,0,random,1798967.0,0.092426,92426,59673344,53922560,2154986,"[4, 4, 15, 5, 7]","[0, 2, 1, 1, 0, 2, 0]"
16687cff,random_run_nblk5_samples960_seed1.json,5,960,1,random,1878810.0,0.090346,90346,66873088,60827392,2351474,"[15, 15, 15, 6, 6]","[0, 2, 1, 2, 2, 2, 1]"
ffc6512a,random_run_nblk5_samples960_seed2.json,5,960,2,random,1902541.0,0.123514,123514,85344928,78840480,2519560,"[6, 7, 6, 15, 15]","[1, 2, 2, 2, 1, 0, 2]"
5f46b754,random_run_nblk5_samples1000_seed0.json,5,1000,0,random,1798967.0,0.092426,92426,59673344,53922560,2154986,"[4, 4, 15, 5, 7]","[0, 2, 1, 1, 0, 2, 0]"
b9f921fc,random_run_nblk5_samples1000_seed1.json,5,1000,1,random,1878810.0,0.090346,90346,66873088,60827392,2351474,"[15, 15, 15, 6, 6]","[0, 2, 1, 2, 2, 2, 1]"
9ef03032,random_run_nblk5_samples1000_seed2.json,5,1000,2,random,1902541.0,0.123514,123514,85344928,78840480,2519560,"[6, 7, 6, 15, 15]","[1, 2, 2, 2, 1, 0, 2]"
cdfcea1f,random_run_nblk5_samples1200_seed0.json,5,1200,0,random,1895792.0,0.090098,90098,69958144,64387584,2146594,"[7, 0, 4, 6, 13]","[0, 2, 2, 0, 2, 2, 2]"
e4b285c3,random_run_nblk5_samples1200_seed1.json,5,1200,1,random,1878810.0,0.090346,90346,66873088,60827392,2351474,"[15, 15, 15, 6, 6]","[0, 2, 1, 2, 2, 2, 1]"
b383779d,random_run_nblk5_samples1200_seed2.json,5,1200,2,random,1902541.0,0.123514,123514,85344928,78840480,2519560,"[6, 7, 6, 15, 15]","[1, 2, 2, 2, 1, 0, 2]"
238cd26b,random_run_nblk5_samples1600_seed0.json,5,1600,0,random,1908231.0,0.093418,93418,65304832,59259136,2351474,"[6, 14, 6, 7, 15]","[0, 2, 1, 1, 1, 2, 2]"
a1a0ad48,random_run_nblk5_samples1600_seed1.json,5,1600,1,random,1878810.0,0.090346,90346,66873088,60827392,2351474,"[15, 15, 15, 6, 6]","[0, 2, 1, 2, 2, 2, 1]"
9698b407,random_run_nblk5_samples1600_seed2.json,5,1600,2,random,1902541.0,0.123514,123514,85344928,78840480,2519560,"[6, 7, 6, 15, 15]","[1, 2, 2, 2, 1, 0, 2]"
88192057,random_run_nblk5_samples2000_seed0.json,5,2000,0,random,1908231.0,0.093418,93418,65304832,59259136,2351474,"[6, 14, 6, 7, 15]","[0, 2, 1, 1, 1, 2, 2]"
bf9c61eb,random_run_nblk5_samples2000_seed1.json,5,2000,1,random,1878810.0,0.090346,90346,66873088,60827392,2351474,"[15, 15, 15, 6, 6]","[0, 2, 1, 2, 2, 2, 1]"
683269a8,random_run_nblk5_samples2000_seed2.json,5,2000,2,random,1902541.0,0.123514,123514,85344928,78840480,2519560,"[6, 7, 6, 15, 15]","[1, 2, 2, 2, 1, 0, 2]"
57c0df4b,random_run_nblk5_samples2400_seed0.json,5,2400,0,random,1908231.0,0.093418,93418,65304832,59259136,2351474,"[6, 14, 6, 7, 15]","[0, 2, 1, 1, 1, 2, 2]"
78fe58fa,random_run_nblk5_samples2400_seed1.json,5,2400,1,random,2042838.0,0.078394,78394,53734016,47819392,2277766,"[13, 7, 15, 6, 6]","[2, 2, 0, 1, 0, 2, 0]"
da102c9f,random_run_nblk5_samples2400_seed2.json,5,2400,2,random,1902541.0,0.123514,123514,85344928,78840480,2519560,"[6, 7, 6, 15, 15]","[1, 2, 2, 2, 1, 0, 2]"
f4947e0c,random_run_nblk5_samples3000_seed0.json,5,3000,0,random,1908231.0,0.093418,93418,65304832,59259136,2351474,"[6, 14, 6, 7, 15]","[0, 2, 1, 1, 1, 2, 2]"
cba842c5,random_run_nblk5_samples3000_seed1.json,5,3000,1,random,2042838.0,0.078394,78394,53734016,47819392,2277766,"[13, 7, 15, 6, 6]","[2, 2, 0, 1, 0, 2, 0]"
71709a04,random_run_nblk5_samples3000_seed2.json,5,3000,2,random,1902541.0,0.123514,123514,85344928,78840480,2519560,"[6, 7, 6, 15, 15]","[1, 2, 2, 2, 1, 0, 2]"
db06da42,random_run_nblk5_samples3200_seed0.json,5,3200,0,random,1908231.0,0.093418,93418,65304832,59259136,2351474,"[6, 14, 6, 7, 15]","[0, 2, 1, 1, 1, 2, 2]"
2ef4275a,random_run_nblk5_samples3200_seed1.json,5,3200,1,random,2042838.0,0.078394,78394,53734016,47819392,2277766,"[13, 7, 15, 6, 6]","[2, 2, 0, 1, 0, 2, 0]"
6f44b816,random_run_nblk5_samples3200_seed2.json,5,3200,2,random,1902541.0,0.123514,123514,85344928,78840480,2519560,"[6, 7, 6, 15, 15]","[1, 2, 2, 2, 1, 0, 2]"
50103b6c,random_run_nblk5_samples4800_seed0.json,5,4800,0,random,2040715.0,0.118842,118842,80069792,73794720,2388528,"[11, 7, 15, 6, 7]","[1, 2, 2, 2, 1, 0, 2]"
8a9b0fdc,random_run_nblk5_samples4800_seed1.json,5,4800,1,random,2042838.0,0.078394,78394,53734016,47819392,2277766,"[13, 7, 15, 6, 6]","[2, 2, 0, 1, 0, 2, 0]"
bca83ee5,random_run_nblk5_samples4800_seed2.json,5,4800,2,random,1935318.0,0.100138,100138,67079424,60951808,2327058,"[15, 11, 14, 7, 7]","[2, 2, 1, 2, 2, 0, 2]"
fb39484e,random_run_nblk5_samples6400_seed0.json,5,6400,0,random,2040715.0,0.118842,118842,80069792,73794720,2388528,"[11, 7, 15, 6, 7]","[1, 2, 2, 2, 1, 0, 2]"
cae70862,random_run_nblk5_samples6400_seed1.json,5,6400,1,random,2042838.0,0.078394,78394,53734016,47819392,2277766,"[13, 7, 15, 6, 6]","[2, 2, 0, 1, 0, 2, 0]"
79b02d2c,random_run_nblk5_samples6400_seed2.json,5,6400,2,random,1935318.0,0.100138,100138,67079424,60951808,2327058,"[15, 11, 14, 7, 7]","[2, 2, 1, 2, 2, 0, 2]"
a751d924,random_run_nblk5_samples9600_seed0.json,5,9600,0,random,2040715.0,0.118842,118842,80069792,73794720,2388528,"[11, 7, 15, 6, 7]","[1, 2, 2, 2, 1, 0, 2]"
d5ec7a2b,random_run_nblk5_samples9600_seed1.json,5,9600,1,random,2042838.0,0.078394,78394,53734016,47819392,2277766,"[13, 7, 15, 6, 6]","[2, 2, 0, 1, 0, 2, 0]"
9eb861c5,random_run_nblk5_samples9600_seed2.json,5,9600,2,random,1954311.0,0.085322,85322,66344192,60527872,2285818,"[4, 15, 15, 14, 6]","[0, 2, 1, 1, 1, 1, 2]"
4dd63ef7,random_run_nblk5_samples14400_seed0.json,5,14400,0,random,2040715.0,0.118842,118842,80069792,73794720,2388528,"[11, 7, 15, 6, 7]","[1, 2, 2, 2, 1, 0, 2]"
df9e058b,random_run_nblk5_samples14400_seed1.json,5,14400,1,random,2042838.0,0.078394,78394,53734016,47819392,2277766,"[13, 7, 15, 6, 6]","[2, 2, 0, 1, 0, 2, 0]"
1d3b146b,random_run_nblk5_samples14400_seed2.json,5,14400,2,random,1954311.0,0.085322,85322,66344192,60527872,2285818,"[4, 15, 15, 14, 6]","[0, 2, 1, 1, 1, 1, 2]"
eef44fab,random_run_nblk10_samples100_seed0.json,10,100,0,random,1691477.0,0.313182,313182,107170376,101882440,2319121,"[0, 9, 14, 13, 12, 7, 7, 14, 11, 4]","[1, 2, 2, 2, 0, 0, 2]"
ab64584f,random_run_nblk10_samples100_seed1.json,10,100,1,random,1469905.0,0.280978,280978,95893792,90757408,2253800,"[14, 10, 9, 6, 7, 14, 5, 11, 9, 13]","[2, 2, 2, 2, 2, 2, 0]"
5d09f720,random_run_nblk10_samples100_seed2.json,10,100,2,random,1506097.0,0.21657,216570,86183936,81039360,2326938,"[2, 2, 6, 6, 4, 7, 5, 14, 4, 10]","[2, 2, 2, 1, 0, 2, 1]"
85d1512d,random_run_nblk10_samples200_seed0.json,10,200,0,random,1691477.0,0.313182,313182,107170376,101882440,2319121,"[0, 9, 14, 13, 12, 7, 7, 14, 11, 4]","[1, 2, 2, 2, 0, 0, 2]"
46cbc466,random_run_nblk10_samples200_seed1.json,10,200,1,random,1470016.0,0.431562,431562,101577344,96252544,2246038,"[5, 4, 15, 13, 3, 6, 16, 15, 15, 2]","[2, 2, 2, 2, 0, 2, 1]"
5883a2c3,random_run_nblk10_samples200_seed2.json,10,200,2,random,1583981.0,0.325642,325642,99010592,94201888,2204308,"[0, 9, 6, 0, 14, 6, 6, 11, 10, 15]","[0, 2, 2, 2, 0, 2, 0]"
c36f9c82,random_run_nblk10_samples320_seed0.json,10,320,0,random,1691477.0,0.313182,313182,107170376,101882440,2319121,"[0, 9, 14, 13, 12, 7, 7, 14, 11, 4]","[1, 2, 2, 2, 0, 0, 2]"
b124d7ba,random_run_nblk10_samples320_seed1.json,10,320,1,random,1591337.0,0.337184,337184,97127600,91911344,2235330,"[5, 7, 13, 1, 6, 13, 6, 12, 15, 8]","[2, 1, 2, 2, 0, 0, 1]"
aefec1b8,random_run_nblk10_samples320_seed2.json,10,320,2,random,1583981.0,0.325642,325642,99010592,94201888,2204308,"[0, 9, 6, 0, 14, 6, 6, 11, 10, 15]","[0, 2, 2, 2, 0, 2, 0]"
4079a062,random_run_nblk10_samples400_seed0.json,10,400,0,random,1691477.0,0.313182,313182,107170376,101882440,2319121,"[0, 9, 14, 13, 12, 7, 7, 14, 11, 4]","[1, 2, 2, 2, 0, 0, 2]"
ab7ed648,random_run_nblk10_samples400_seed1.json,10,400,1,random,1702750.0,0.434682,434682,101314048,95657472,2401906,"[14, 6, 14, 3, 15, 15, 7, 7, 9, 7]","[1, 2, 1, 2, 2, 2, 1]"
42f3d84a,random_run_nblk10_samples400_seed2.json,10,400,2,random,1592893.0,0.210538,210538,78225152,73199360,2122658,"[14, 10, 15, 5, 7, 4, 11, 10, 5, 9]","[1, 2, 2, 1, 1, 1, 0]"
47b960ed,random_run_nblk10_samples500_seed0.json,10,500,0,random,1691477.0,0.313182,313182,107170376,101882440,2319121,"[0, 9, 14, 13, 12, 7, 7, 14, 11, 4]","[1, 2, 2, 2, 0, 0, 2]"
566b9298,random_run_nblk10_samples500_seed1.json,10,500,1,random,1702750.0,0.434682,434682,101314048,95657472,2401906,"[14, 6, 14, 3, 15, 15, 7, 7, 9, 7]","[1, 2, 1, 2, 2, 2, 1]"
604dd6f3,random_run_nblk10_samples500_seed2.json,10,500,2,random,1592893.0,0.210538,210538,78225152,73199360,2122658,"[14, 10, 15, 5, 7, 4, 11, 10, 5, 9]","[1, 2, 2, 1, 1, 1, 0]"
a8ace3cc,random_run_nblk10_samples600_seed0.json,10,600,0,random,1691477.0,0.313182,313182,107170376,101882440,2319121,"[0, 9, 14, 13, 12, 7, 7, 14, 11, 4]","[1, 2, 2, 2, 0, 0, 2]"
5a893ffb,random_run_nblk10_samples600_seed1.json,10,600,1,random,1766209.0,0.278618,278618,98407680,92509440,2442146,"[7, 3, 15, 15, 7, 5, 16, 14, 14, 14]","[2, 2, 2, 1, 0, 1, 2]"
4a2538b6,random_run_nblk10_samples600_seed2.json,10,600,2,random,1592893.0,0.210538,210538,78225152,73199360,2122658,"[14, 10, 15, 5, 7, 4, 11, 10, 5, 9]","[1, 2, 2, 1, 1, 1, 0]"
25c36156,random_run_nblk10_samples640_seed0.json,10,640,0,random,1691477.0,0.313182,313182,107170376,101882440,2319121,"[0, 9, 14, 13, 12, 7, 7, 14, 11, 4]","[1, 2, 2, 2, 0, 0, 2]"
d939ee2b,random_run_nblk10_samples640_seed1.json,10,640,1,random,1766209.0,0.278618,278618,98407680,92509440,2442146,"[7, 3, 15, 15, 7, 5, 16, 14, 14, 14]","[2, 2, 2, 1, 0, 1, 2]"
fe818ec1,random_run_nblk10_samples640_seed2.json,10,640,2,random,1592893.0,0.210538,210538,78225152,73199360,2122658,"[14, 10, 15, 5, 7, 4, 11, 10, 5, 9]","[1, 2, 2, 1, 1, 1, 0]"
fcab1fdf,random_run_nblk10_samples800_seed0.json,10,800,0,random,1691477.0,0.313182,313182,107170376,101882440,2319121,"[0, 9, 14, 13, 12, 7, 7, 14, 11, 4]","[1, 2, 2, 2, 0, 0, 2]"
53ef5a53,random_run_nblk10_samples800_seed1.json,10,800,1,random,1766209.0,0.278618,278618,98407680,92509440,2442146,"[7, 3, 15, 15, 7, 5, 16, 14, 14, 14]","[2, 2, 2, 1, 0, 1, 2]"
de30889a,random_run_nblk10_samples800_seed2.json,10,800,2,random,1674864.0,0.298606,298606,105062528,100032640,2277886,"[2, 8, 15, 8, 6, 14, 14, 0, 13, 14]","[1, 2, 2, 2, 2, 1, 0]"
5fcbde02,random_run_nblk10_samples1000_seed0.json,10,1000,0,random,1691477.0,0.313182,313182,107170376,101882440,2319121,"[0, 9, 14, 13, 12, 7, 7, 14, 11, 4]","[1, 2, 2, 2, 0, 0, 2]"
34611370,random_run_nblk10_samples1000_seed1.json,10,1000,1,random,1766209.0,0.278618,278618,98407680,92509440,2442146,"[7, 3, 15, 15, 7, 5, 16, 14, 14, 14]","[2, 2, 2, 1, 0, 1, 2]"
472d9586,random_run_nblk10_samples1000_seed2.json,10,1000,2,random,1922720.0,0.40793,407930,110463648,104336032,2569752,"[6, 7, 6, 15, 15, 5, 11, 5, 15, 10]","[1, 2, 2, 2, 1, 0, 2]"
3f80dac2,random_run_nblk10_samples1200_seed0.json,10,1200,0,random,1902048.0,0.284978,284978,97701704,91799368,2556829,"[7, 13, 15, 6, 15, 6, 12, 6, 4, 7]","[1, 1, 2, 1, 2, 1, 2]"
cb12d29a,random_run_nblk10_samples1200_seed1.json,10,1200,1,random,1842014.0,0.422874,422874,111809280,105534208,2614938,"[7, 15, 6, 11, 15, 7, 6, 3, 13, 7]","[0, 2, 2, 2, 0, 0, 0]"
94f5897a,random_run_nblk10_samples1200_seed2.json,10,1200,2,random,1922720.0,0.40793,407930,110463648,104336032,2569752,"[6, 7, 6, 15, 15, 5, 11, 5, 15, 10]","[1, 2, 2, 2, 1, 0, 2]"
1cb989f9,random_run_nblk10_samples1280_seed0.json,10,1280,0,random,1902048.0,0.284978,284978,97701704,91799368,2556829,"[7, 13, 15, 6, 15, 6, 12, 6, 4, 7]","[1, 1, 2, 1, 2, 1, 2]"
d0f9270d,random_run_nblk10_samples1280_seed1.json,10,1280,1,random,1842014.0,0.422874,422874,111809280,105534208,2614938,"[7, 15, 6, 11, 15, 7, 6, 3, 13, 7]","[0, 2, 2, 2, 0, 0, 0]"
5e4ce825,random_run_nblk10_samples1280_seed2.json,10,1280,2,random,1922720.0,0.40793,407930,110463648,104336032,2569752,"[6, 7, 6, 15, 15, 5, 11, 5, 15, 10]","[1, 2, 2, 2, 1, 0, 2]"
7f07e9d6,random_run_nblk10_samples1600_seed0.json,10,1600,0,random,1902048.0,0.284978,284978,97701704,91799368,2556829,"[7, 13, 15, 6, 15, 6, 12, 6, 4, 7]","[1, 1, 2, 1, 2, 1, 2]"
7359e05b,random_run_nblk10_samples1600_seed1.json,10,1600,1,random,1842014.0,0.422874,422874,111809280,105534208,2614938,"[7, 15, 6, 11, 15, 7, 6, 3, 13, 7]","[0, 2, 2, 2, 0, 0, 0]"
4c33db50,random_run_nblk10_samples1600_seed2.json,10,1600,2,random,1922720.0,0.40793,407930,110463648,104336032,2569752,"[6, 7, 6, 15, 15, 5, 11, 5, 15, 10]","[1, 2, 2, 2, 1, 0, 2]"
87a80be7,random_run_nblk10_samples1920_seed0.json,10,1920,0,random,1902048.0,0.284978,284978,97701704,91799368,2556829,"[7, 13, 15, 6, 15, 6, 12, 6, 4, 7]","[1, 1, 2, 1, 2, 1, 2]"
22de43d9,random_run_nblk10_samples1920_seed1.json,10,1920,1,random,1842014.0,0.422874,422874,111809280,105534208,2614938,"[7, 15, 6, 11, 15, 7, 6, 3, 13, 7]","[0, 2, 2, 2, 0, 0, 0]"
f24e7989,random_run_nblk10_samples1920_seed2.json,10,1920,2,random,1922720.0,0.40793,407930,110463648,104336032,2569752,"[6, 7, 6, 15, 15, 5, 11, 5, 15, 10]","[1, 2, 2, 2, 1, 0, 2]"
f99a9c90,random_run_nblk10_samples2000_seed0.json,10,2000,0,random,1902048.0,0.284978,284978,97701704,91799368,2556829,"[7, 13, 15, 6, 15, 6, 12, 6, 4, 7]","[1, 1, 2, 1, 2, 1, 2]"
7307f713,random_run_nblk10_samples2000_seed1.json,10,2000,1,random,1842014.0,0.422874,422874,111809280,105534208,2614938,"[7, 15, 6, 11, 15, 7, 6, 3, 13, 7]","[0, 2, 2, 2, 0, 0, 0]"
20d90cf6,random_run_nblk10_samples2000_seed2.json,10,2000,2,random,1922720.0,0.40793,407930,110463648,104336032,2569752,"[6, 7, 6, 15, 15, 5, 11, 5, 15, 10]","[1, 2, 2, 2, 1, 0, 2]"
a499581e,random_run_nblk10_samples2400_seed0.json,10,2400,0,random,1902048.0,0.284978,284978,97701704,91799368,2556829,"[7, 13, 15, 6, 15, 6, 12, 6, 4, 7]","[1, 1, 2, 1, 2, 1, 2]"
7cdfa73f,random_run_nblk10_samples2400_seed1.json,10,2400,1,random,1842014.0,0.422874,422874,111809280,105534208,2614938,"[7, 15, 6, 11, 15, 7, 6, 3, 13, 7]","[0, 2, 2, 2, 0, 0, 0]"
1886c2d9,random_run_nblk10_samples2400_seed2.json,10,2400,2,random,1922720.0,0.40793,407930,110463648,104336032,2569752,"[6, 7, 6, 15, 15, 5, 11, 5, 15, 10]","[1, 2, 2, 2, 1, 0, 2]"
0310b1da,random_run_nblk10_samples3000_seed0.json,10,3000,0,random,1902048.0,0.284978,284978,97701704,91799368,2556829,"[7, 13, 15, 6, 15, 6, 12, 6, 4, 7]","[1, 1, 2, 1, 2, 1, 2]"
aed223cb,random_run_nblk10_samples3000_seed1.json,10,3000,1,random,1842014.0,0.422874,422874,111809280,105534208,2614938,"[7, 15, 6, 11, 15, 7, 6, 3, 13, 7]","[0, 2, 2, 2, 0, 0, 0]"
69363043,random_run_nblk10_samples3000_seed2.json,10,3000,2,random,1922720.0,0.40793,407930,110463648,104336032,2569752,"[6, 7, 6, 15, 15, 5, 11, 5, 15, 10]","[1, 2, 2, 2, 1, 0, 2]"
b4473468,random_run_nblk10_samples3200_seed0.json,10,3200,0,random,1902048.0,0.284978,284978,97701704,91799368,2556829,"[7, 13, 15, 6, 15, 6, 12, 6, 4, 7]","[1, 1, 2, 1, 2, 1, 2]"
e409acdd,random_run_nblk10_samples3200_seed1.json,10,3200,1,random,1842014.0,0.422874,422874,111809280,105534208,2614938,"[7, 15, 6, 11, 15, 7, 6, 3, 13, 7]","[0, 2, 2, 2, 0, 0, 0]"
09ffd43a,random_run_nblk10_samples3200_seed2.json,10,3200,2,random,1922720.0,0.40793,407930,110463648,104336032,2569752,"[6, 7, 6, 15, 15, 5, 11, 5, 15, 10]","[1, 2, 2, 2, 1, 0, 2]"
e323bf6b,random_run_nblk10_samples4800_seed0.json,10,4800,0,random,1902048.0,0.284978,284978,97701704,91799368,2556829,"[7, 13, 15, 6, 15, 6, 12, 6, 4, 7]","[1, 1, 2, 1, 2, 1, 2]"
cfe41a53,random_run_nblk10_samples4800_seed1.json,10,4800,1,random,1842014.0,0.422874,422874,111809280,105534208,2614938,"[7, 15, 6, 11, 15, 7, 6, 3, 13, 7]","[0, 2, 2, 2, 0, 0, 0]"
4af9bdc9,random_run_nblk10_samples4800_seed2.json,10,4800,2,random,1922720.0,0.40793,407930,110463648,104336032,2569752,"[6, 7, 6, 15, 15, 5, 11, 5, 15, 10]","[1, 2, 2, 2, 1, 0, 2]"
8e81c9db,random_run_nblk10_samples6400_seed0.json,10,6400,0,random,1902048.0,0.284978,284978,97701704,91799368,2556829,"[7, 13, 15, 6, 15, 6, 12, 6, 4, 7]","[1, 1, 2, 1, 2, 1, 2]"
5f8608c8,random_run_nblk10_samples6400_seed1.json,10,6400,1,random,1859173.0,0.511162,511162,133949568,127215744,2901518,"[13, 5, 6, 15, 14, 7, 12, 7, 15, 14]","[2, 2, 2, 2, 2, 1, 2]"
8fb55505,random_run_nblk10_samples6400_seed2.json,10,6400,2,random,1922720.0,0.40793,407930,110463648,104336032,2569752,"[6, 7, 6, 15, 15, 5, 11, 5, 15, 10]","[1, 2, 2, 2, 1, 0, 2]"
ada67f17,random_run_nblk10_samples9600_seed0.json,10,9600,0,random,1902048.0,0.284978,284978,97701704,91799368,2556829,"[7, 13, 15, 6, 15, 6, 12, 6, 4, 7]","[1, 1, 2, 1, 2, 1, 2]"
f4f6ac48,random_run_nblk10_samples9600_seed1.json,10,9600,1,random,1859173.0,0.511162,511162,133949568,127215744,2901518,"[13, 5, 6, 15, 14, 7, 12, 7, 15, 14]","[2, 2, 2, 2, 2, 1, 2]"
28b03640,random_run_nblk10_samples9600_seed2.json,10,9600,2,random,1922720.0,0.40793,407930,110463648,104336032,2569752,"[6, 7, 6, 15, 15, 5, 11, 5, 15, 10]","[1, 2, 2, 2, 1, 0, 2]"
09d72cb7,random_run_nblk10_samples14400_seed0.json,10,14400,0,random,1902048.0,0.284978,284978,97701704,91799368,2556829,"[7, 13, 15, 6, 15, 6, 12, 6, 4, 7]","[1, 1, 2, 1, 2, 1, 2]"
9394a429,random_run_nblk10_samples14400_seed1.json,10,14400,1,random,1890493.0,0.394662,394662,106834944,101010432,2487482,"[3, 3, 6, 4, 7, 7, 6, 3, 14, 7]","[2, 1, 2, 2, 1, 0, 0]"
e7117477,random_run_nblk10_samples14400_seed2.json,10,14400,2,random,1922720.0,0.40793,407930,110463648,104336032,2569752,"[6, 7, 6, 15, 15, 5, 11, 5, 15, 10]","[1, 2, 2, 2, 1, 0, 2]"
763ba05a,random_run_nblk15_samples150_seed0.json,15,150,0,random,1964488.0,0.840762,840762,137563936,131396384,2727204,"[6, 12, 15, 12, 7, 4, 0, 3, 13, 7, 5, 16, 14, 1, 7]","[1, 2, 2, 2, 1, 2, 1]"
2a37f1d6,random_run_nblk15_samples150_seed1.json,15,150,1,random,1711134.0,0.435826,435826,108159648,103268000,2271400,"[15, 5, 6, 14, 8, 9, 14, 0, 11, 14, 12, 1, 4, 11, 16]","[2, 2, 2, 2, 1, 1, 2]"
3c30939b,random_run_nblk15_samples150_seed2.json,15,150,2,random,1648799.0,0.613194,613194,117679104,112581632,2283706,"[15, 6, 6, 10, 10, 15, 8, 6, 6, 0, 10, 1, 16, 15, 16]","[2, 0, 2, 2, 2, 0, 2]"
3464bb9b,random_run_nblk15_samples300_seed0.json,15,300,0,random,1964488.0,0.840762,840762,137563936,131396384,2727204,"[6, 12, 15, 12, 7, 4, 0, 3, 13, 7, 5, 16, 14, 1, 7]","[1, 2, 2, 2, 1, 2, 1]"
5a25a9cc,random_run_nblk15_samples300_seed1.json,15,300,1,random,1967572.0,0.679626,679626,143611008,137491584,2712278,"[2, 14, 11, 15, 14, 7, 14, 4, 9, 9, 1, 4, 15, 3, 1]","[0, 2, 2, 1, 2, 0, 0]"
79220058,random_run_nblk15_samples300_seed2.json,15,300,2,random,1909706.0,1.310162,1310162,183416832,177155072,2779546,"[3, 12, 4, 16, 5, 9, 14, 7, 13, 2, 7, 7, 2, 14, 15]","[1, 2, 2, 2, 2, 1, 2]"
ac865e2c,random_run_nblk15_samples480_seed0.json,15,480,0,random,1964488.0,0.840762,840762,137563936,131396384,2727204,"[6, 12, 15, 12, 7, 4, 0, 3, 13, 7, 5, 16, 14, 1, 7]","[1, 2, 2, 2, 1, 2, 1]"
3e424492,random_run_nblk15_samples480_seed1.json,15,480,1,random,2139419.0,0.782954,782954,191647744,185387008,3032714,"[4, 14, 16, 10, 12, 6, 13, 16, 14, 7, 6, 6, 6, 14, 16]","[2, 0, 2, 2, 2, 0, 2]"
eb4b90c4,random_run_nblk15_samples480_seed2.json,15,480,2,random,1921250.0,0.93987,939870,168809504,162753568,2784148,"[6, 9, 0, 6, 14, 5, 11, 0, 7, 4, 11, 6, 6, 7, 13]","[0, 0, 2, 1, 2, 0, 2]"
d4d0f88c,random_run_nblk15_samples500_seed0.json,15,500,0,random,1964488.0,0.840762,840762,137563936,131396384,2727204,"[6, 12, 15, 12, 7, 4, 0, 3, 13, 7, 5, 16, 14, 1, 7]","[1, 2, 2, 2, 1, 2, 1]"
4f57676e,random_run_nblk15_samples500_seed1.json,15,500,1,random,2139419.0,0.782954,782954,191647744,185387008,3032714,"[4, 14, 16, 10, 12, 6, 13, 16, 14, 7, 6, 6, 6, 14, 16]","[2, 0, 2, 2, 2, 0, 2]"
e5f4f445,random_run_nblk15_samples500_seed2.json,15,500,2,random,1921250.0,0.93987,939870,168809504,162753568,2784148,"[6, 9, 0, 6, 14, 5, 11, 0, 7, 4, 11, 6, 6, 7, 13]","[0, 0, 2, 1, 2, 0, 2]"
fa65568a,random_run_nblk15_samples600_seed0.json,15,600,0,random,1964488.0,0.840762,840762,137563936,131396384,2727204,"[6, 12, 15, 12, 7, 4, 0, 3, 13, 7, 5, 16, 14, 1, 7]","[1, 2, 2, 2, 1, 2, 1]"
420e4923,random_run_nblk15_samples600_seed1.json,15,600,1,random,2139419.0,0.782954,782954,191647744,185387008,3032714,"[4, 14, 16, 10, 12, 6, 13, 16, 14, 7, 6, 6, 6, 14, 16]","[2, 0, 2, 2, 2, 0, 2]"
848a4ca2,random_run_nblk15_samples600_seed2.json,15,600,2,random,1921250.0,0.93987,939870,168809504,162753568,2784148,"[6, 9, 0, 6, 14, 5, 11, 0, 7, 4, 11, 6, 6, 7, 13]","[0, 0, 2, 1, 2, 0, 2]"
656264ad,random_run_nblk15_samples800_seed0.json,15,800,0,random,1964488.0,0.840762,840762,137563936,131396384,2727204,"[6, 12, 15, 12, 7, 4, 0, 3, 13, 7, 5, 16, 14, 1, 7]","[1, 2, 2, 2, 1, 2, 1]"
ee519a95,random_run_nblk15_samples800_seed1.json,15,800,1,random,2139419.0,0.782954,782954,191647744,185387008,3032714,"[4, 14, 16, 10, 12, 6, 13, 16, 14, 7, 6, 6, 6, 14, 16]","[2, 0, 2, 2, 2, 0, 2]"
6b758215,random_run_nblk15_samples800_seed2.json,15,800,2,random,1921250.0,0.93987,939870,168809504,162753568,2784148,"[6, 9, 0, 6, 14, 5, 11, 0, 7, 4, 11, 6, 6, 7, 13]","[0, 0, 2, 1, 2, 0, 2]"
1de53f8e,random_run_nblk15_samples900_seed0.json,15,900,0,random,1964488.0,0.840762,840762,137563936,131396384,2727204,"[6, 12, 15, 12, 7, 4, 0, 3, 13, 7, 5, 16, 14, 1, 7]","[1, 2, 2, 2, 1, 2, 1]"
5898e143,random_run_nblk15_samples900_seed1.json,15,900,1,random,2139419.0,0.782954,782954,191647744,185387008,3032714,"[4, 14, 16, 10, 12, 6, 13, 16, 14, 7, 6, 6, 6, 14, 16]","[2, 0, 2, 2, 2, 0, 2]"
f58eb81f,random_run_nblk15_samples900_seed2.json,15,900,2,random,1921250.0,0.93987,939870,168809504,162753568,2784148,"[6, 9, 0, 6, 14, 5, 11, 0, 7, 4, 11, 6, 6, 7, 13]","[0, 0, 2, 1, 2, 0, 2]"
00aa9a99,random_run_nblk15_samples960_seed0.json,15,960,0,random,1964488.0,0.840762,840762,137563936,131396384,2727204,"[6, 12, 15, 12, 7, 4, 0, 3, 13, 7, 5, 16, 14, 1, 7]","[1, 2, 2, 2, 1, 2, 1]"
3092d104,random_run_nblk15_samples960_seed1.json,15,960,1,random,2139419.0,0.782954,782954,191647744,185387008,3032714,"[4, 14, 16, 10, 12, 6, 13, 16, 14, 7, 6, 6, 6, 14, 16]","[2, 0, 2, 2, 2, 0, 2]"
64778916,random_run_nblk15_samples960_seed2.json,15,960,2,random,1921250.0,0.93987,939870,168809504,162753568,2784148,"[6, 9, 0, 6, 14, 5, 11, 0, 7, 4, 11, 6, 6, 7, 13]","[0, 0, 2, 1, 2, 0, 2]"
2b91a671,random_run_nblk15_samples1000_seed0.json,15,1000,0,random,1964488.0,0.840762,840762,137563936,131396384,2727204,"[6, 12, 15, 12, 7, 4, 0, 3, 13, 7, 5, 16, 14, 1, 7]","[1, 2, 2, 2, 1, 2, 1]"
bd6ef77d,random_run_nblk15_samples1000_seed1.json,15,1000,1,random,2139419.0,0.782954,782954,191647744,185387008,3032714,"[4, 14, 16, 10, 12, 6, 13, 16, 14, 7, 6, 6, 6, 14, 16]","[2, 0, 2, 2, 2, 0, 2]"
cf31c806,random_run_nblk15_samples1000_seed2.json,15,1000,2,random,2083468.0,1.09329,1093290,175439680,168707904,2977570,"[15, 14, 3, 15, 5, 6, 9, 12, 14, 4, 15, 3, 13, 5, 15]","[2, 0, 2, 2, 2, 0, 1]"
502fb12c,random_run_nblk15_samples1200_seed0.json,15,1200,0,random,1964488.0,0.840762,840762,137563936,131396384,2727204,"[6, 12, 15, 12, 7, 4, 0, 3, 13, 7, 5, 16, 14, 1, 7]","[1, 2, 2, 2, 1, 2, 1]"
94a2bec8,random_run_nblk15_samples1200_seed1.json,15,1200,1,random,2139419.0,0.782954,782954,191647744,185387008,3032714,"[4, 14, 16, 10, 12, 6, 13, 16, 14, 7, 6, 6, 6, 14, 16]","[2, 0, 2, 2, 2, 0, 2]"
33b7c8bf,random_run_nblk15_samples1200_seed2.json,15,1200,2,random,2083468.0,1.09329,1093290,175439680,168707904,2977570,"[15, 14, 3, 15, 5, 6, 9, 12, 14, 4, 15, 3, 13, 5, 15]","[2, 0, 2, 2, 2, 0, 1]"
c92e1f14,random_run_nblk15_samples1600_seed0.json,15,1600,0,random,2161459.0,1.037194,1037194,164220392,157745640,2868771,"[15, 15, 10, 15, 16, 4, 15, 6, 14, 13, 7, 1, 15, 14, 7]","[2, 1, 2, 2, 1, 2, 1]"
0ca8c33e,random_run_nblk15_samples1600_seed1.json,15,1600,1,random,2139419.0,0.782954,782954,191647744,185387008,3032714,"[4, 14, 16, 10, 12, 6, 13, 16, 14, 7, 6, 6, 6, 14, 16]","[2, 0, 2, 2, 2, 0, 2]"
2b4a4c87,random_run_nblk15_samples1600_seed2.json,15,1600,2,random,2083468.0,1.09329,1093290,175439680,168707904,2977570,"[15, 14, 3, 15, 5, 6, 9, 12, 14, 4, 15, 3, 13, 5, 15]","[2, 0, 2, 2, 2, 0, 1]"
e3f4a224,random_run_nblk15_samples1800_seed0.json,15,1800,0,random,2161459.0,1.037194,1037194,164220392,157745640,2868771,"[15, 15, 10, 15, 16, 4, 15, 6, 14, 13, 7, 1, 15, 14, 7]","[2, 1, 2, 2, 1, 2, 1]"
c8ea166e,random_run_nblk15_samples1800_seed1.json,15,1800,1,random,2139419.0,0.782954,782954,191647744,185387008,3032714,"[4, 14, 16, 10, 12, 6, 13, 16, 14, 7, 6, 6, 6, 14, 16]","[2, 0, 2, 2, 2, 0, 2]"
bdf08146,random_run_nblk15_samples1800_seed2.json,15,1800,2,random,2083468.0,1.09329,1093290,175439680,168707904,2977570,"[15, 14, 3, 15, 5, 6, 9, 12, 14, 4, 15, 3, 13, 5, 15]","[2, 0, 2, 2, 2, 0, 1]"
4b39db61,random_run_nblk15_samples1920_seed0.json,15,1920,0,random,2161459.0,1.037194,1037194,164220392,157745640,2868771,"[15, 15, 10, 15, 16, 4, 15, 6, 14, 13, 7, 1, 15, 14, 7]","[2, 1, 2, 2, 1, 2, 1]"
f8f43661,random_run_nblk15_samples1920_seed1.json,15,1920,1,random,2139419.0,0.782954,782954,191647744,185387008,3032714,"[4, 14, 16, 10, 12, 6, 13, 16, 14, 7, 6, 6, 6, 14, 16]","[2, 0, 2, 2, 2, 0, 2]"
4b596597,random_run_nblk15_samples1920_seed2.json,15,1920,2,random,2083468.0,1.09329,1093290,175439680,168707904,2977570,"[15, 14, 3, 15, 5, 6, 9, 12, 14, 4, 15, 3, 13, 5, 15]","[2, 0, 2, 2, 2, 0, 1]"
756d917c,random_run_nblk15_samples2000_seed0.json,15,2000,0,random,2161459.0,1.037194,1037194,164220392,157745640,2868771,"[15, 15, 10, 15, 16, 4, 15, 6, 14, 13, 7, 1, 15, 14, 7]","[2, 1, 2, 2, 1, 2, 1]"
a2d44fb6,random_run_nblk15_samples2000_seed1.json,15,2000,1,random,2139419.0,0.782954,782954,191647744,185387008,3032714,"[4, 14, 16, 10, 12, 6, 13, 16, 14, 7, 6, 6, 6, 14, 16]","[2, 0, 2, 2, 2, 0, 2]"
b22fe2c2,random_run_nblk15_samples2000_seed2.json,15,2000,2,random,2128667.0,0.69153,691530,148481280,141767936,3000202,"[6, 16, 12, 15, 6, 15, 14, 5, 14, 7, 11, 3, 13, 10, 0]","[1, 2, 2, 2, 1, 1, 2]"
ce3db4d9,random_run_nblk15_samples2400_seed0.json,15,2400,0,random,2161459.0,1.037194,1037194,164220392,157745640,2868771,"[15, 15, 10, 15, 16, 4, 15, 6, 14, 13, 7, 1, 15, 14, 7]","[2, 1, 2, 2, 1, 2, 1]"
f3f53685,random_run_nblk15_samples2400_seed1.json,15,2400,1,random,2139419.0,0.782954,782954,191647744,185387008,3032714,"[4, 14, 16, 10, 12, 6, 13, 16, 14, 7, 6, 6, 6, 14, 16]","[2, 0, 2, 2, 2, 0, 2]"
daeb7682,random_run_nblk15_samples2400_seed2.json,15,2400,2,random,2128667.0,0.69153,691530,148481280,141767936,3000202,"[6, 16, 12, 15, 6, 15, 14, 5, 14, 7, 11, 3, 13, 10, 0]","[1, 2, 2, 2, 1, 1, 2]"
e0edcaec,random_run_nblk15_samples2880_seed0.json,15,2880,0,random,2161459.0,1.037194,1037194,164220392,157745640,2868771,"[15, 15, 10, 15, 16, 4, 15, 6, 14, 13, 7, 1, 15, 14, 7]","[2, 1, 2, 2, 1, 2, 1]"
e0439a47,random_run_nblk15_samples2880_seed1.json,15,2880,1,random,2139419.0,0.782954,782954,191647744,185387008,3032714,"[4, 14, 16, 10, 12, 6, 13, 16, 14, 7, 6, 6, 6, 14, 16]","[2, 0, 2, 2, 2, 0, 2]"
c2ec012a,random_run_nblk15_samples2880_seed2.json,15,2880,2,random,2128667.0,0.69153,691530,148481280,141767936,3000202,"[6, 16, 12, 15, 6, 15, 14, 5, 14, 7, 11, 3, 13, 10, 0]","[1, 2, 2, 2, 1, 1, 2]"
071123ef,random_run_nblk15_samples3000_seed0.json,15,3000,0,random,2161459.0,1.037194,1037194,164220392,157745640,2868771,"[15, 15, 10, 15, 16, 4, 15, 6, 14, 13, 7, 1, 15, 14, 7]","[2, 1, 2, 2, 1, 2, 1]"
a2a9f76c,random_run_nblk15_samples3000_seed1.json,15,3000,1,random,2139419.0,0.782954,782954,191647744,185387008,3032714,"[4, 14, 16, 10, 12, 6, 13, 16, 14, 7, 6, 6, 6, 14, 16]","[2, 0, 2, 2, 2, 0, 2]"
4104ef82,random_run_nblk15_samples3000_seed2.json,15,3000,2,random,2128667.0,0.69153,691530,148481280,141767936,3000202,"[6, 16, 12, 15, 6, 15, 14, 5, 14, 7, 11, 3, 13, 10, 0]","[1, 2, 2, 2, 1, 1, 2]"
7b351335,random_run_nblk15_samples3200_seed0.json,15,3200,0,random,2161459.0,1.037194,1037194,164220392,157745640,2868771,"[15, 15, 10, 15, 16, 4, 15, 6, 14, 13, 7, 1, 15, 14, 7]","[2, 1, 2, 2, 1, 2, 1]"
fcc1b8df,random_run_nblk15_samples3200_seed1.json,15,3200,1,random,2139419.0,0.782954,782954,191647744,185387008,3032714,"[4, 14, 16, 10, 12, 6, 13, 16, 14, 7, 6, 6, 6, 14, 16]","[2, 0, 2, 2, 2, 0, 2]"
9a9c33ba,random_run_nblk15_samples3200_seed2.json,15,3200,2,random,2128667.0,0.69153,691530,148481280,141767936,3000202,"[6, 16, 12, 15, 6, 15, 14, 5, 14, 7, 11, 3, 13, 10, 0]","[1, 2, 2, 2, 1, 1, 2]"
45e000bb,random_run_nblk15_samples3600_seed0.json,15,3600,0,random,2161459.0,1.037194,1037194,164220392,157745640,2868771,"[15, 15, 10, 15, 16, 4, 15, 6, 14, 13, 7, 1, 15, 14, 7]","[2, 1, 2, 2, 1, 2, 1]"
52cc83ee,random_run_nblk15_samples3600_seed1.json,15,3600,1,random,2139419.0,0.782954,782954,191647744,185387008,3032714,"[4, 14, 16, 10, 12, 6, 13, 16, 14, 7, 6, 6, 6, 14, 16]","[2, 0, 2, 2, 2, 0, 2]"
fd8744f4,random_run_nblk15_samples3600_seed2.json,15,3600,2,random,2128667.0,0.69153,691530,148481280,141767936,3000202,"[6, 16, 12, 15, 6, 15, 14, 5, 14, 7, 11, 3, 13, 10, 0]","[1, 2, 2, 2, 1, 1, 2]"
a15e860d,random_run_nblk15_samples4800_seed0.json,15,4800,0,random,2190220.0,1.172218,1172218,203732608,196658816,3199278,"[15, 16, 6, 3, 5, 12, 5, 4, 6, 13, 13, 15, 4, 6, 13]","[2, 2, 2, 2, 2, 2, 0]"
6ea23ab6,random_run_nblk15_samples4800_seed1.json,15,4800,1,random,2139419.0,0.782954,782954,191647744,185387008,3032714,"[4, 14, 16, 10, 12, 6, 13, 16, 14, 7, 6, 6, 6, 14, 16]","[2, 0, 2, 2, 2, 0, 2]"
2a9db839,random_run_nblk15_samples4800_seed2.json,15,4800,2,random,2128667.0,0.69153,691530,148481280,141767936,3000202,"[6, 16, 12, 15, 6, 15, 14, 5, 14, 7, 11, 3, 13, 10, 0]","[1, 2, 2, 2, 1, 1, 2]"
847de931,random_run_nblk15_samples6400_seed0.json,15,6400,0,random,2190220.0,1.172218,1172218,203732608,196658816,3199278,"[15, 16, 6, 3, 5, 12, 5, 4, 6, 13, 13, 15, 4, 6, 13]","[2, 2, 2, 2, 2, 2, 0]"
9cc1dff4,random_run_nblk15_samples6400_seed1.json,15,6400,1,random,2750540.0,1.14849,1148490,219833984,211462784,3708998,"[13, 5, 6, 15, 14, 7, 12, 7, 15, 14, 15, 1, 13, 14, 6]","[2, 2, 2, 2, 2, 1, 2]"
6a94761f,random_run_nblk15_samples6400_seed2.json,15,6400,2,random,2128667.0,0.69153,691530,148481280,141767936,3000202,"[6, 16, 12, 15, 6, 15, 14, 5, 14, 7, 11, 3, 13, 10, 0]","[1, 2, 2, 2, 1, 1, 2]"
ccd6505c,random_run_nblk15_samples7200_seed0.json,15,7200,0,random,2190220.0,1.172218,1172218,203732608,196658816,3199278,"[15, 16, 6, 3, 5, 12, 5, 4, 6, 13, 13, 15, 4, 6, 13]","[2, 2, 2, 2, 2, 2, 0]"
e12f7be5,random_run_nblk15_samples7200_seed1.json,15,7200,1,random,2750540.0,1.14849,1148490,219833984,211462784,3708998,"[13, 5, 6, 15, 14, 7, 12, 7, 15, 14, 15, 1, 13, 14, 6]","[2, 2, 2, 2, 2, 1, 2]"
aeb75f6d,random_run_nblk15_samples7200_seed2.json,15,7200,2,random,2177512.0,0.705594,705594,176872736,170030368,3200920,"[6, 11, 5, 14, 5, 14, 7, 15, 10, 2, 6, 12, 10, 6, 14]","[1, 2, 2, 1, 2, 0, 1]"
edfb2708,random_run_nblk15_samples9600_seed0.json,15,9600,0,random,2190220.0,1.172218,1172218,203732608,196658816,3199278,"[15, 16, 6, 3, 5, 12, 5, 4, 6, 13, 13, 15, 4, 6, 13]","[2, 2, 2, 2, 2, 2, 0]"
ca85312d,random_run_nblk15_samples9600_seed1.json,15,9600,1,random,2750540.0,1.14849,1148490,219833984,211462784,3708998,"[13, 5, 6, 15, 14, 7, 12, 7, 15, 14, 15, 1, 13, 14, 6]","[2, 2, 2, 2, 2, 1, 2]"
21bc8a54,random_run_nblk15_samples9600_seed2.json,15,9600,2,random,2190877.0,0.812122,812122,170652160,163478016,3297706,"[6, 14, 3, 3, 7, 6, 6, 10, 14, 6, 6, 12, 15, 15, 12]","[1, 2, 2, 2, 1, 0, 1]"
ba5bf635,random_run_nblk15_samples14400_seed0.json,15,14400,0,random,2243352.0,0.990858,990858,203837184,196424448,3404474,"[1, 11, 7, 4, 7, 6, 4, 12, 12, 4, 14, 2, 6, 7, 6]","[2, 2, 2, 2, 2, 1, 2]"
6f29e188,random_run_nblk15_samples14400_seed1.json,15,14400,1,random,2750540.0,1.14849,1148490,219833984,211462784,3708998,"[13, 5, 6, 15, 14, 7, 12, 7, 15, 14, 15, 1, 13, 14, 6]","[2, 2, 2, 2, 2, 1, 2]"
726b333f,random_run_nblk15_samples14400_seed2.json,15,14400,2,random,2190877.0,0.812122,812122,170652160,163478016,3297706,"[6, 14, 3, 3, 7, 6, 6, 10, 14, 6, 6, 12, 15, 15, 12]","[1, 2, 2, 2, 1, 0, 1]"
0b4db18c,random_run_nblk20_samples200_seed0.json,20,200,0,random,2124309.0,2.003802,2003802,208793376,201755424,3152564,"[6, 12, 15, 12, 7, 4, 0, 3, 13, 7, 5, 16, 14, 1, 7, 3, 14, 4, 14, 16]","[1, 2, 2, 2, 1, 2, 1]"
12931758,random_run_nblk20_samples200_seed1.json,20,200,1,random,2026396.0,2.966442,2966442,225710856,219099912,2978675,"[12, 12, 3, 2, 7, 6, 0, 15, 9, 2, 14, 0, 15, 14, 1, 7, 7, 10, 14, 8]","[0, 1, 2, 1, 2, 2, 1]"
7eb7c421,random_run_nblk20_samples200_seed2.json,20,200,2,random,1882027.0,2.551314,2551314,216501824,209643072,3024870,"[5, 16, 13, 5, 4, 15, 2, 6, 6, 6, 5, 16, 7, 10, 9, 7, 10, 5, 0, 3]","[1, 1, 2, 2, 2, 2, 2]"
fa3447a5,random_run_nblk20_samples400_seed0.json,20,400,0,random,2124309.0,2.003802,2003802,208793376,201755424,3152564,"[6, 12, 15, 12, 7, 4, 0, 3, 13, 7, 5, 16, 14, 1, 7, 3, 14, 4, 14, 16]","[1, 2, 2, 2, 1, 2, 1]"
f37ef103,random_run_nblk20_samples400_seed1.json,20,400,1,random,2026396.0,2.966442,2966442,225710856,219099912,2978675,"[12, 12, 3, 2, 7, 6, 0, 15, 9, 2, 14, 0, 15, 14, 1, 7, 7, 10, 14, 8]","[0, 1, 2, 1, 2, 2, 1]"
c0a27fac,random_run_nblk20_samples400_seed2.json,20,400,2,random,2138394.0,1.91907,1919070,175482496,168502912,3071414,"[15, 0, 2, 14, 7, 7, 14, 14, 10, 7, 7, 8, 12, 3, 16, 12, 3, 16, 11, 7]","[1, 2, 2, 1, 1, 2, 0]"
59712e09,random_run_nblk20_samples500_seed0.json,20,500,0,random,2299044.0,2.913314,2913314,236298416,228539568,3379674,"[8, 0, 15, 7, 7, 7, 7, 14, 6, 4, 0, 9, 7, 0, 15, 14, 13, 6, 13, 5]","[2, 1, 2, 2, 1, 2, 1]"
da9fac3a,random_run_nblk20_samples500_seed1.json,20,500,1,random,2026396.0,2.966442,2966442,225710856,219099912,2978675,"[12, 12, 3, 2, 7, 6, 0, 15, 9, 2, 14, 0, 15, 14, 1, 7, 7, 10, 14, 8]","[0, 1, 2, 1, 2, 2, 1]"
93c35ac4,random_run_nblk20_samples500_seed2.json,20,500,2,random,2138394.0,1.91907,1919070,175482496,168502912,3071414,"[15, 0, 2, 14, 7, 7, 14, 14, 10, 7, 7, 8, 12, 3, 16, 12, 3, 16, 11, 7]","[1, 2, 2, 1, 1, 2, 0]"
14b7bf63,random_run_nblk20_samples640_seed0.json,20,640,0,random,2299044.0,2.913314,2913314,236298416,228539568,3379674,"[8, 0, 15, 7, 7, 7, 7, 14, 6, 4, 0, 9, 7, 0, 15, 14, 13, 6, 13, 5]","[2, 1, 2, 2, 1, 2, 1]"
3df15653,random_run_nblk20_samples640_seed1.json,20,640,1,random,2026396.0,2.966442,2966442,225710856,219099912,2978675,"[12, 12, 3, 2, 7, 6, 0, 15, 9, 2, 14, 0, 15, 14, 1, 7, 7, 10, 14, 8]","[0, 1, 2, 1, 2, 2, 1]"
1b8d285d,random_run_nblk20_samples640_seed2.json,20,640,2,random,2138394.0,1.91907,1919070,175482496,168502912,3071414,"[15, 0, 2, 14, 7, 7, 14, 14, 10, 7, 7, 8, 12, 3, 16, 12, 3, 16, 11, 7]","[1, 2, 2, 1, 1, 2, 0]"
df1c15c8,random_run_nblk20_samples800_seed0.json,20,800,0,random,2299044.0,2.913314,2913314,236298416,228539568,3379674,"[8, 0, 15, 7, 7, 7, 7, 14, 6, 4, 0, 9, 7, 0, 15, 14, 13, 6, 13, 5]","[2, 1, 2, 2, 1, 2, 1]"
706cb7ea,random_run_nblk20_samples800_seed1.json,20,800,1,random,2156538.0,1.18139,1181390,159110016,152812416,2858246,"[6, 12, 14, 16, 14, 7, 3, 5, 7, 12, 16, 11, 10, 5, 15, 2, 10, 6, 10, 9]","[2, 1, 2, 2, 1, 0, 2]"
13039c80,random_run_nblk20_samples800_seed2.json,20,800,2,random,2138394.0,1.91907,1919070,175482496,168502912,3071414,"[15, 0, 2, 14, 7, 7, 14, 14, 10, 7, 7, 8, 12, 3, 16, 12, 3, 16, 11, 7]","[1, 2, 2, 1, 1, 2, 0]"
4979be75,random_run_nblk20_samples1000_seed0.json,20,1000,0,random,2299044.0,2.913314,2913314,236298416,228539568,3379674,"[8, 0, 15, 7, 7, 7, 7, 14, 6, 4, 0, 9, 7, 0, 15, 14, 13, 6, 13, 5]","[2, 1, 2, 2, 1, 2, 1]"
05fa0d07,random_run_nblk20_samples1000_seed1.json,20,1000,1,random,2284262.0,2.004314,2004314,232178048,224551296,3429582,"[12, 12, 4, 14, 5, 4, 5, 9, 6, 15, 3, 15, 7, 5, 6, 3, 11, 6, 11, 14]","[2, 2, 1, 2, 2, 1, 0]"
e999e732,random_run_nblk20_samples1000_seed2.json,20,1000,2,random,2138394.0,1.91907,1919070,175482496,168502912,3071414,"[15, 0, 2, 14, 7, 7, 14, 14, 10, 7, 7, 8, 12, 3, 16, 12, 3, 16, 11, 7]","[1, 2, 2, 1, 1, 2, 0]"
2b909a7a,random_run_nblk20_samples1200_seed0.json,20,1200,0,random,2299044.0,2.913314,2913314,236298416,228539568,3379674,"[8, 0, 15, 7, 7, 7, 7, 14, 6, 4, 0, 9, 7, 0, 15, 14, 13, 6, 13, 5]","[2, 1, 2, 2, 1, 2, 1]"
693f5926,random_run_nblk20_samples1200_seed1.json,20,1200,1,random,2284262.0,2.004314,2004314,232178048,224551296,3429582,"[12, 12, 4, 14, 5, 4, 5, 9, 6, 15, 3, 15, 7, 5, 6, 3, 11, 6, 11, 14]","[2, 2, 1, 2, 2, 1, 0]"
24f852ba,random_run_nblk20_samples1200_seed2.json,20,1200,2,random,2138394.0,1.91907,1919070,175482496,168502912,3071414,"[15, 0, 2, 14, 7, 7, 14, 14, 10, 7, 7, 8, 12, 3, 16, 12, 3, 16, 11, 7]","[1, 2, 2, 1, 1, 2, 0]"
92351d68,random_run_nblk20_samples1280_seed0.json,20,1280,0,random,2299044.0,2.913314,2913314,236298416,228539568,3379674,"[8, 0, 15, 7, 7, 7, 7, 14, 6, 4, 0, 9, 7, 0, 15, 14, 13, 6, 13, 5]","[2, 1, 2, 2, 1, 2, 1]"
81faad9e,random_run_nblk20_samples1280_seed1.json,20,1280,1,random,2284262.0,2.004314,2004314,232178048,224551296,3429582,"[12, 12, 4, 14, 5, 4, 5, 9, 6, 15, 3, 15, 7, 5, 6, 3, 11, 6, 11, 14]","[2, 2, 1, 2, 2, 1, 0]"
e00c473d,random_run_nblk20_samples1280_seed2.json,20,1280,2,random,2138394.0,1.91907,1919070,175482496,168502912,3071414,"[15, 0, 2, 14, 7, 7, 14, 14, 10, 7, 7, 8, 12, 3, 16, 12, 3, 16, 11, 7]","[1, 2, 2, 1, 1, 2, 0]"
90463964,random_run_nblk20_samples1600_seed0.json,20,1600,0,random,2299044.0,2.913314,2913314,236298416,228539568,3379674,"[8, 0, 15, 7, 7, 7, 7, 14, 6, 4, 0, 9, 7, 0, 15, 14, 13, 6, 13, 5]","[2, 1, 2, 2, 1, 2, 1]"
57d59002,random_run_nblk20_samples1600_seed1.json,20,1600,1,random,2284262.0,2.004314,2004314,232178048,224551296,3429582,"[12, 12, 4, 14, 5, 4, 5, 9, 6, 15, 3, 15, 7, 5, 6, 3, 11, 6, 11, 14]","[2, 2, 1, 2, 2, 1, 0]"
af259b04,random_run_nblk20_samples1600_seed2.json,20,1600,2,random,2145613.0,2.169922,2169922,189890944,182659456,3184334,"[6, 7, 7, 12, 15, 6, 5, 3, 12, 3, 15, 15, 0, 11, 5, 10, 11, 10, 7, 2]","[2, 2, 2, 0, 1, 2, 2]"
3d584113,random_run_nblk20_samples2000_seed0.json,20,2000,0,random,2299044.0,2.913314,2913314,236298416,228539568,3379674,"[8, 0, 15, 7, 7, 7, 7, 14, 6, 4, 0, 9, 7, 0, 15, 14, 13, 6, 13, 5]","[2, 1, 2, 2, 1, 2, 1]"
470feabb,random_run_nblk20_samples2000_seed1.json,20,2000,1,random,2354421.0,2.603194,2603194,233441664,225810816,3297374,"[7, 0, 6, 5, 15, 7, 3, 7, 15, 15, 15, 0, 2, 4, 0, 2, 14, 2, 13, 5]","[2, 2, 1, 2, 2, 2, 2]"
b490c01e,random_run_nblk20_samples2000_seed2.json,20,2000,2,random,2358624.0,2.384178,2384178,246924736,240225728,3167070,"[1, 14, 7, 11, 6, 0, 10, 13, 6, 14, 6, 6, 6, 6, 3, 15, 11, 9, 11, 14]","[1, 0, 1, 2, 2, 2, 0]"
9530b8e9,random_run_nblk20_samples2400_seed0.json,20,2400,0,random,2299044.0,2.913314,2913314,236298416,228539568,3379674,"[8, 0, 15, 7, 7, 7, 7, 14, 6, 4, 0, 9, 7, 0, 15, 14, 13, 6, 13, 5]","[2, 1, 2, 2, 1, 2, 1]"
47a7fabf,random_run_nblk20_samples2400_seed1.json,20,2400,1,random,2354421.0,2.603194,2603194,233441664,225810816,3297374,"[7, 0, 6, 5, 15, 7, 3, 7, 15, 15, 15, 0, 2, 4, 0, 2, 14, 2, 13, 5]","[2, 2, 1, 2, 2, 2, 2]"
4562c7ae,random_run_nblk20_samples2400_seed2.json,20,2400,2,random,2358624.0,2.384178,2384178,246924736,240225728,3167070,"[1, 14, 7, 11, 6, 0, 10, 13, 6, 14, 6, 6, 6, 6, 3, 15, 11, 9, 11, 14]","[1, 0, 1, 2, 2, 2, 0]"
77276b33,random_run_nblk20_samples2560_seed0.json,20,2560,0,random,2299044.0,2.913314,2913314,236298416,228539568,3379674,"[8, 0, 15, 7, 7, 7, 7, 14, 6, 4, 0, 9, 7, 0, 15, 14, 13, 6, 13, 5]","[2, 1, 2, 2, 1, 2, 1]"
a4315ba3,random_run_nblk20_samples2560_seed1.json,20,2560,1,random,2354421.0,2.603194,2603194,233441664,225810816,3297374,"[7, 0, 6, 5, 15, 7, 3, 7, 15, 15, 15, 0, 2, 4, 0, 2, 14, 2, 13, 5]","[2, 2, 1, 2, 2, 2, 2]"
453f403d,random_run_nblk20_samples2560_seed2.json,20,2560,2,random,2358624.0,2.384178,2384178,246924736,240225728,3167070,"[1, 14, 7, 11, 6, 0, 10, 13, 6, 14, 6, 6, 6, 6, 3, 15, 11, 9, 11, 14]","[1, 0, 1, 2, 2, 2, 0]"
7432b5ab,random_run_nblk20_samples3000_seed0.json,20,3000,0,random,2299044.0,2.913314,2913314,236298416,228539568,3379674,"[8, 0, 15, 7, 7, 7, 7, 14, 6, 4, 0, 9, 7, 0, 15, 14, 13, 6, 13, 5]","[2, 1, 2, 2, 1, 2, 1]"
51d8de80,random_run_nblk20_samples3000_seed1.json,20,3000,1,random,2354421.0,2.603194,2603194,233441664,225810816,3297374,"[7, 0, 6, 5, 15, 7, 3, 7, 15, 15, 15, 0, 2, 4, 0, 2, 14, 2, 13, 5]","[2, 2, 1, 2, 2, 2, 2]"
773ce7c0,random_run_nblk20_samples3000_seed2.json,20,3000,2,random,2358624.0,2.384178,2384178,246924736,240225728,3167070,"[1, 14, 7, 11, 6, 0, 10, 13, 6, 14, 6, 6, 6, 6, 3, 15, 11, 9, 11, 14]","[1, 0, 1, 2, 2, 2, 0]"
a39f050b,random_run_nblk20_samples3200_seed0.json,20,3200,0,random,2299044.0,2.913314,2913314,236298416,228539568,3379674,"[8, 0, 15, 7, 7, 7, 7, 14, 6, 4, 0, 9, 7, 0, 15, 14, 13, 6, 13, 5]","[2, 1, 2, 2, 1, 2, 1]"
67e5ca57,random_run_nblk20_samples3200_seed1.json,20,3200,1,random,2354421.0,2.603194,2603194,233441664,225810816,3297374,"[7, 0, 6, 5, 15, 7, 3, 7, 15, 15, 15, 0, 2, 4, 0, 2, 14, 2, 13, 5]","[2, 2, 1, 2, 2, 2, 2]"
238fb30c,random_run_nblk20_samples3200_seed2.json,20,3200,2,random,2358624.0,2.384178,2384178,246924736,240225728,3167070,"[1, 14, 7, 11, 6, 0, 10, 13, 6, 14, 6, 6, 6, 6, 3, 15, 11, 9, 11, 14]","[1, 0, 1, 2, 2, 2, 0]"
afd9b435,random_run_nblk20_samples3840_seed0.json,20,3840,0,random,2312472.0,1.618802,1618802,246130976,238797600,3383208,"[2, 15, 16, 2, 15, 14, 1, 15, 12, 6, 5, 4, 6, 14, 6, 4, 6, 11, 3, 9]","[2, 0, 2, 2, 2, 1, 1]"
dc02851f,random_run_nblk20_samples3840_seed1.json,20,3840,1,random,2354421.0,2.603194,2603194,233441664,225810816,3297374,"[7, 0, 6, 5, 15, 7, 3, 7, 15, 15, 15, 0, 2, 4, 0, 2, 14, 2, 13, 5]","[2, 2, 1, 2, 2, 2, 2]"
3f9e28f7,random_run_nblk20_samples3840_seed2.json,20,3840,2,random,2358624.0,2.384178,2384178,246924736,240225728,3167070,"[1, 14, 7, 11, 6, 0, 10, 13, 6, 14, 6, 6, 6, 6, 3, 15, 11, 9, 11, 14]","[1, 0, 1, 2, 2, 2, 0]"
02d1f0a7,random_run_nblk20_samples4800_seed0.json,20,4800,0,random,2417140.0,3.335738,3335738,268193408,260116096,3612478,"[15, 16, 6, 3, 5, 12, 5, 4, 6, 13, 13, 15, 4, 6, 13, 7, 3, 15, 16, 13]","[2, 2, 2, 2, 2, 2, 0]"
5c59abbf,random_run_nblk20_samples4800_seed1.json,20,4800,1,random,2354421.0,2.603194,2603194,233441664,225810816,3297374,"[7, 0, 6, 5, 15, 7, 3, 7, 15, 15, 15, 0, 2, 4, 0, 2, 14, 2, 13, 5]","[2, 2, 1, 2, 2, 2, 2]"
ff83205b,random_run_nblk20_samples4800_seed2.json,20,4800,2,random,2358624.0,2.384178,2384178,246924736,240225728,3167070,"[1, 14, 7, 11, 6, 0, 10, 13, 6, 14, 6, 6, 6, 6, 3, 15, 11, 9, 11, 14]","[1, 0, 1, 2, 2, 2, 0]"
229d90ca,random_run_nblk20_samples6400_seed0.json,20,6400,0,random,2490198.0,3.008634,3008634,251920800,244337056,3477468,"[4, 8, 15, 14, 14, 14, 9, 6, 14, 5, 6, 6, 15, 5, 16, 15, 15, 16, 10, 14]","[0, 2, 1, 1, 2, 2, 0]"
abfa827f,random_run_nblk20_samples6400_seed1.json,20,6400,1,random,2354421.0,2.603194,2603194,233441664,225810816,3297374,"[7, 0, 6, 5, 15, 7, 3, 7, 15, 15, 15, 0, 2, 4, 0, 2, 14, 2, 13, 5]","[2, 2, 1, 2, 2, 2, 2]"
3cb71c33,random_run_nblk20_samples6400_seed2.json,20,6400,2,random,2358624.0,2.384178,2384178,246924736,240225728,3167070,"[1, 14, 7, 11, 6, 0, 10, 13, 6, 14, 6, 6, 6, 6, 3, 15, 11, 9, 11, 14]","[1, 0, 1, 2, 2, 2, 0]"
a3ba2cea,random_run_nblk20_samples9600_seed0.json,20,9600,0,random,2490198.0,3.008634,3008634,251920800,244337056,3477468,"[4, 8, 15, 14, 14, 14, 9, 6, 14, 5, 6, 6, 15, 5, 16, 15, 15, 16, 10, 14]","[0, 2, 1, 1, 2, 2, 0]"
6faeaeeb,random_run_nblk20_samples9600_seed1.json,20,9600,1,random,2354421.0,2.603194,2603194,233441664,225810816,3297374,"[7, 0, 6, 5, 15, 7, 3, 7, 15, 15, 15, 0, 2, 4, 0, 2, 14, 2, 13, 5]","[2, 2, 1, 2, 2, 2, 2]"
28fe36a3,random_run_nblk20_samples9600_seed2.json,20,9600,2,random,2358624.0,2.384178,2384178,246924736,240225728,3167070,"[1, 14, 7, 11, 6, 0, 10, 13, 6, 14, 6, 6, 6, 6, 3, 15, 11, 9, 11, 14]","[1, 0, 1, 2, 2, 2, 0]"
a054ff4d,random_run_nblk20_samples14400_seed0.json,20,14400,0,random,2490198.0,3.008634,3008634,251920800,244337056,3477468,"[4, 8, 15, 14, 14, 14, 9, 6, 14, 5, 6, 6, 15, 5, 16, 15, 15, 16, 10, 14]","[0, 2, 1, 1, 2, 2, 0]"
08c70de6,random_run_nblk20_samples14400_seed1.json,20,14400,1,random,2354421.0,2.603194,2603194,233441664,225810816,3297374,"[7, 0, 6, 5, 15, 7, 3, 7, 15, 15, 15, 0, 2, 4, 0, 2, 14, 2, 13, 5]","[2, 2, 1, 2, 2, 2, 2]"
3ed7d4ae,random_run_nblk20_samples14400_seed2.json,20,14400,2,random,2358624.0,2.384178,2384178,246924736,240225728,3167070,"[1, 14, 7, 11, 6, 0, 10, 13, 6, 14, 6, 6, 6, 6, 3, 15, 11, 9, 11, 14]","[1, 0, 1, 2, 2, 2, 0]"
