rank_id,original_id,n_blocks,ranking_metric,rank,metric_value,fitness,params,flops,op_codes,width_codes
f1a7a898,f15470e5,5,Fitness,1,2295752.0,2295752.0,135546,89784576,"[14, 14, 15, 15, 7]","[2, 2, 2, 0, 2, 2, 2]"
4494f10f,c4c4983e,5,Fitness,2,2167155.0,2167155.0,128250,88156800,"[14, 7, 14, 15, 7]","[2, 2, 2, 2, 1, 1, 0]"
797a5a34,6653e9c5,5,Fitness,3,2167155.0,2167155.0,128250,88156800,"[14, 7, 14, 15, 7]","[2, 2, 2, 2, 1, 1, 0]"
7936d343,d82366ed,5,Fitness,4,2131782.0,2131782.0,107610,88266880,"[13, 14, 7, 14, 14]","[2, 2, 2, 0, 1, 0, 1]"
50598395,9e46ec8b,5,Fitness,5,2131782.0,2131782.0,107610,88266880,"[13, 14, 7, 14, 14]","[2, 2, 2, 0, 1, 0, 1]"
30b6b824,c9830f5c,5,Efficiency1 (Fitness/Params),1,27.670866952789698,1611828.0,58250,44355272,"[6, 6, 6, 7, 12]","[2, 1, 0, 2, 2, 2, 2]"
02ea09f2,9b6dc989,5,Efficiency1 (Fitness/Params),2,22.123383305657555,1891859.0,85514,63054464,"[6, 15, 4, 7, 12]","[2, 2, 1, 2, 2, 2, 2]"
b2b7b271,f9f04acb,5,Efficiency1 (Fitness/Params),3,22.017344763778606,1879973.0,85386,77998080,"[6, 6, 6, 4, 6]","[2, 2, 2, 2, 2, 2, 2]"
1bb13af0,ed9b1eeb,5,Efficiency1 (Fitness/Params),4,21.985961888120144,1862167.0,84698,62218880,"[7, 12, 7, 6, 4]","[2, 2, 1, 2, 2, 2, 2]"
209a17bc,402f69cd,5,Efficiency1 (Fitness/Params),5,21.776137975660138,1749974.0,80362,53163136,"[14, 7, 15, 4, 7]","[2, 2, 0, 2, 2, 2, 2]"
7d9452e9,c9830f5c,5,Efficiency2 (Fitness/FLOPs),1,0.03633903992292055,1611828.0,58250,44355272,"[6, 6, 6, 7, 12]","[2, 1, 0, 2, 2, 2, 2]"
463c84e6,402f69cd,5,Efficiency2 (Fitness/FLOPs),2,0.03291705741361834,1749974.0,80362,53163136,"[14, 7, 15, 4, 7]","[2, 2, 0, 2, 2, 2, 2]"
a33461c4,faf320cd,5,Efficiency2 (Fitness/FLOPs),3,0.030731951230047128,2049118.0,106954,66677120,"[5, 14, 15, 15, 7]","[0, 2, 1, 2, 1, 2, 1]"
b62526d3,fac83b69,5,Efficiency2 (Fitness/FLOPs),4,0.030382505225876044,1404512.0,64586,46227656,"[6, 7, 14, 7, 12]","[2, 1, 0, 2, 2, 2, 2]"
b5d04b64,9b6dc989,5,Efficiency2 (Fitness/FLOPs),5,0.0300035696124544,1891859.0,85514,63054464,"[6, 15, 4, 7, 12]","[2, 2, 1, 2, 2, 2, 2]"
afe6ba7d,c9830f5c,5,Efficiency3 (Fitness/Conv+FC FLOPs),1,0.04137046326516574,1611828.0,58250,44355272,"[6, 6, 6, 7, 12]","[2, 1, 0, 2, 2, 2, 2]"
bc9a9e78,402f69cd,5,Efficiency3 (Fitness/Conv+FC FLOPs),2,0.03701198444712157,1749974.0,80362,53163136,"[14, 7, 15, 4, 7]","[2, 2, 0, 2, 2, 2, 2]"
c12e1a8f,fac83b69,5,Efficiency3 (Fitness/Conv+FC FLOPs),3,0.03447931160782935,1404512.0,64586,46227656,"[6, 7, 14, 7, 12]","[2, 1, 0, 2, 2, 2, 2]"
79e910db,faf320cd,5,Efficiency3 (Fitness/Conv+FC FLOPs),4,0.03384202783890682,2049118.0,106954,66677120,"[5, 14, 15, 15, 7]","[0, 2, 1, 2, 1, 2, 1]"
c4ec8084,ed9b1eeb,5,Efficiency3 (Fitness/Conv+FC FLOPs),5,0.0330540534054479,1862167.0,84698,62218880,"[7, 12, 7, 6, 4]","[2, 2, 1, 2, 2, 2, 2]"
de500ada,625a26a4,10,Fitness,1,2355313.0,2355313.0,373946,140399360,"[6, 15, 15, 7, 15, 14, 6, 6, 6, 6]","[2, 2, 2, 2, 1, 1, 2]"
d05dda32,534c5fa6,10,Fitness,2,2353845.0,2353845.0,394682,142973696,"[6, 15, 15, 15, 15, 15, 6, 6, 6, 6]","[2, 2, 2, 2, 2, 1, 2]"
c53b7d6b,0413e762,10,Fitness,3,2296804.0,2296804.0,437114,135004672,"[7, 14, 6, 6, 14, 7, 13, 6, 14, 15]","[2, 2, 2, 2, 1, 1, 2]"
6615276e,766fd371,10,Fitness,4,2269979.0,2269979.0,434726,124602368,"[6, 6, 6, 12, 6, 7, 7, 14, 15, 6]","[2, 1, 2, 2, 0, 1, 1]"
5cf9aa42,cca73af8,10,Fitness,5,2269979.0,2269979.0,434726,124602368,"[6, 6, 6, 12, 6, 7, 7, 14, 15, 6]","[2, 1, 2, 2, 0, 1, 1]"
cfa0cc4e,d7bd1c73,10,Efficiency1 (Fitness/Params),1,10.163862800282494,1928471.0,189738,84179456,"[6, 6, 6, 4, 6, 6, 14, 7, 1, 15]","[2, 2, 2, 0, 2, 2, 2]"
84566415,0af407e6,10,Efficiency1 (Fitness/Params),2,8.898183352015995,1539973.0,173066,65407616,"[6, 15, 15, 4, 14, 14, 14, 7, 6, 14]","[2, 2, 0, 0, 2, 2, 2]"
9841d74a,c2865386,10,Efficiency1 (Fitness/Params),3,7.32861892615576,1155005.0,157602,68329088,"[13, 10, 13, 14, 13, 15, 14, 14, 9, 8]","[0, 0, 2, 0, 2, 2, 2]"
ef2b03d9,7f43542a,10,Efficiency1 (Fitness/Params),4,6.959698738091675,1395350.0,200490,83883336,"[7, 7, 14, 15, 15, 6, 7, 6, 2, 14]","[0, 1, 2, 0, 2, 2, 2]"
9853c6ad,54017f19,10,Efficiency1 (Fitness/Params),5,6.815407796247691,2103303.0,308610,111256320,"[6, 12, 15, 7, 15, 14, 6, 6, 4, 7]","[1, 2, 2, 1, 2, 2, 2]"
c63e932a,0af407e6,10,Efficiency2 (Fitness/FLOPs),1,0.02354424597893921,1539973.0,173066,65407616,"[6, 15, 15, 4, 14, 14, 14, 7, 6, 14]","[2, 2, 0, 0, 2, 2, 2]"
ca88e36c,d7bd1c73,10,Efficiency2 (Fitness/FLOPs),2,0.022909045646481725,1928471.0,189738,84179456,"[6, 6, 6, 4, 6, 6, 14, 7, 1, 15]","[2, 2, 2, 0, 2, 2, 2]"
4e5aac23,3ccf9a01,10,Efficiency2 (Fitness/FLOPs),3,0.02205968530504823,1477152.0,251978,66961608,"[6, 6, 6, 7, 12, 5, 14, 6, 7, 13]","[2, 1, 0, 1, 2, 2, 2]"
e9601182,b01a0497,10,Efficiency2 (Fitness/FLOPs),4,0.019106580170087168,2255452.0,463674,118045824,"[7, 7, 7, 6, 6, 7, 12, 15, 15, 0]","[2, 2, 2, 2, 0, 0, 1]"
38895055,54017f19,10,Efficiency2 (Fitness/FLOPs),5,0.01890502040693059,2103303.0,308610,111256320,"[6, 12, 15, 7, 15, 14, 6, 6, 4, 7]","[1, 2, 2, 1, 2, 2, 2]"
48f06ab0,0af407e6,10,Efficiency3 (Fitness/Conv+FC FLOPs),1,0.025409117056640753,1539973.0,173066,65407616,"[6, 15, 15, 4, 14, 14, 14, 7, 6, 14]","[2, 2, 0, 0, 2, 2, 2]"
94a304b9,d7bd1c73,10,Efficiency3 (Fitness/Conv+FC FLOPs),2,0.024529921535633575,1928471.0,189738,84179456,"[6, 6, 6, 4, 6, 6, 14, 7, 1, 15]","[2, 2, 2, 0, 2, 2, 2]"
8a9e8f69,3ccf9a01,10,Efficiency3 (Fitness/Conv+FC FLOPs),3,0.0237054923424214,1477152.0,251978,66961608,"[6, 6, 6, 7, 12, 5, 14, 6, 7, 13]","[2, 1, 0, 1, 2, 2, 2]"
64b47a6e,b01a0497,10,Efficiency3 (Fitness/Conv+FC FLOPs),4,0.020256470425265065,2255452.0,463674,118045824,"[7, 7, 7, 6, 6, 7, 12, 15, 15, 0]","[2, 2, 2, 2, 0, 0, 1]"
b6ed5e37,54017f19,10,Efficiency3 (Fitness/Conv+FC FLOPs),5,0.02006321587604119,2103303.0,308610,111256320,"[6, 12, 15, 7, 15, 14, 6, 6, 4, 7]","[1, 2, 2, 1, 2, 2, 2]"
7ebfeb77,3be0e15b,15,Fitness,1,2899902.0,2899902.0,1715738,232426880,"[6, 6, 15, 6, 6, 15, 3, 6, 7, 12, 6, 7, 7, 7, 7]","[2, 2, 1, 2, 2, 2, 0]"
e7471759,ea415c18,15,Fitness,2,2876880.0,2876880.0,1260250,232668160,"[15, 7, 6, 6, 6, 7, 7, 4, 15, 14, 6, 6, 7, 7, 3]","[2, 2, 2, 2, 2, 0, 0]"
4da459ed,d883e830,15,Fitness,3,2835270.0,2835270.0,1195858,251922320,"[6, 15, 15, 7, 15, 14, 7, 13, 14, 14, 7, 14, 14, 6, 5]","[2, 1, 2, 2, 2, 2, 2]"
94d9f758,41df861c,15,Fitness,4,2808411.0,2808411.0,1287578,235313664,"[15, 5, 14, 14, 7, 7, 15, 6, 15, 7, 6, 7, 3, 14, 12]","[2, 2, 2, 2, 2, 2, 2]"
8a67b78e,24114528,15,Fitness,5,2715505.0,2715505.0,1430754,236013568,"[4, 16, 14, 14, 7, 7, 15, 6, 15, 15, 13, 15, 7, 6, 6]","[0, 1, 2, 2, 2, 0, 0]"
2aa8dba4,9b3a8f49,15,Efficiency1 (Fitness/Params),1,4.3787263692056895,1665361.0,380330,87324800,"[6, 15, 15, 4, 14, 14, 14, 7, 6, 14, 12, 14, 7, 3, 11]","[2, 2, 0, 0, 0, 0, 2]"
7fe9be54,9dc4bc93,15,Efficiency1 (Fitness/Params),2,3.5945212522058108,2586941.0,719690,164105856,"[14, 15, 6, 14, 6, 7, 13, 5, 13, 10, 14, 15, 6, 16, 12]","[2, 2, 2, 2, 1, 0, 2]"
73dba1ba,b31d8e40,15,Efficiency1 (Fitness/Params),3,3.5156641151723917,2435181.0,692666,157374208,"[7, 3, 14, 15, 15, 7, 15, 14, 5, 12, 15, 0, 4, 0, 14]","[0, 2, 2, 2, 1, 0, 1]"
c2846806,1280608e,15,Efficiency1 (Fitness/Params),4,3.4534945184902033,2312826.0,669706,151936256,"[5, 4, 13, 6, 15, 7, 4, 14, 2, 4, 15, 4, 11, 13, 11]","[2, 2, 2, 2, 1, 0, 1]"
d07cb11d,a70e2c4f,15,Efficiency1 (Fitness/Params),5,3.3651900029269077,2598418.0,772146,175051392,"[15, 6, 5, 7, 15, 7, 15, 15, 10, 6, 16, 14, 6, 6, 0]","[2, 2, 2, 2, 1, 2, 1]"
1a29ea12,9b3a8f49,15,Efficiency2 (Fitness/FLOPs),1,0.019070882498442597,1665361.0,380330,87324800,"[6, 15, 15, 4, 14, 14, 14, 7, 6, 14, 12, 14, 7, 3, 11]","[2, 2, 0, 0, 0, 0, 2]"
fd3163a4,0810e8fa,15,Efficiency2 (Fitness/FLOPs),2,0.015794646858340845,1948927.0,640250,123391616,"[6, 15, 4, 7, 12, 14, 14, 15, 14, 7, 14, 12, 5, 5, 6]","[2, 2, 1, 1, 0, 2, 2]"
90078e63,9dc4bc93,15,Efficiency2 (Fitness/FLOPs),3,0.015763855495808755,2586941.0,719690,164105856,"[14, 15, 6, 14, 6, 7, 13, 5, 13, 10, 14, 15, 6, 16, 12]","[2, 2, 2, 2, 1, 0, 2]"
fe144e7b,b31d8e40,15,Efficiency2 (Fitness/FLOPs),4,0.015473825291625932,2435181.0,692666,157374208,"[7, 3, 14, 15, 15, 7, 15, 14, 5, 12, 15, 0, 4, 0, 14]","[0, 2, 2, 2, 1, 0, 1]"
f1effe47,1280608e,15,Efficiency2 (Fitness/FLOPs),5,0.01522234429680826,2312826.0,669706,151936256,"[5, 4, 13, 6, 15, 7, 4, 14, 2, 4, 15, 4, 11, 13, 11]","[2, 2, 2, 2, 1, 0, 1]"
4301beaa,9b3a8f49,15,Efficiency3 (Fitness/Conv+FC FLOPs),1,0.020304209387704143,1665361.0,380330,87324800,"[6, 15, 15, 4, 14, 14, 14, 7, 6, 14, 12, 14, 7, 3, 11]","[2, 2, 0, 0, 0, 0, 2]"
f4797c17,0810e8fa,15,Efficiency3 (Fitness/Conv+FC FLOPs),2,0.016643247968235055,1948927.0,640250,123391616,"[6, 15, 4, 7, 12, 14, 14, 15, 14, 7, 14, 12, 5, 5, 6]","[2, 2, 1, 1, 0, 2, 2]"
07308d32,9dc4bc93,15,Efficiency3 (Fitness/Conv+FC FLOPs),3,0.016504316714126006,2586941.0,719690,164105856,"[14, 15, 6, 14, 6, 7, 13, 5, 13, 10, 14, 15, 6, 16, 12]","[2, 2, 2, 2, 1, 0, 2]"
5ff11506,b31d8e40,15,Efficiency3 (Fitness/Conv+FC FLOPs),4,0.016232614595474114,2435181.0,692666,157374208,"[7, 3, 14, 15, 15, 7, 15, 14, 5, 12, 15, 0, 4, 0, 14]","[0, 2, 2, 2, 1, 0, 1]"
09a88006,1280608e,15,Efficiency3 (Fitness/Conv+FC FLOPs),5,0.015961718917013687,2312826.0,669706,151936256,"[5, 4, 13, 6, 15, 7, 4, 14, 2, 4, 15, 4, 11, 13, 11]","[2, 2, 2, 2, 1, 0, 1]"
697547be,12d03d29,20,Fitness,1,3133023.0,3133023.0,5449034,354935808,"[15, 14, 14, 5, 5, 7, 15, 13, 15, 2, 12, 14, 7, 7, 15, 15, 15, 7, 7, 5]","[2, 2, 2, 2, 2, 2, 2]"
08fb242c,0a5cb5cc,20,Fitness,2,3061137.0,3061137.0,2885338,311219328,"[15, 3, 7, 6, 14, 7, 6, 4, 9, 15, 15, 15, 7, 15, 7, 4, 11, 14, 8, 14]","[2, 2, 2, 2, 2, 2, 0]"
3cb82bf9,663aba98,20,Fitness,3,3061137.0,3061137.0,2885338,311219328,"[15, 3, 7, 6, 14, 7, 6, 4, 9, 15, 15, 15, 7, 15, 7, 4, 11, 14, 8, 14]","[2, 2, 2, 2, 2, 2, 0]"
e33dbab9,c5ea16e6,20,Fitness,4,2959359.0,2959359.0,3749722,348983424,"[1, 2, 6, 14, 7, 7, 8, 4, 13, 4, 15, 14, 6, 7, 15, 15, 12, 14, 6, 14]","[1, 2, 2, 2, 2, 2, 2]"
60ec65c1,ddd67b9e,20,Fitness,5,2938488.0,2938488.0,2365210,283944064,"[7, 14, 7, 6, 14, 7, 6, 9, 8, 14, 12, 15, 14, 15, 4, 4, 5, 14, 8, 9]","[0, 2, 2, 2, 2, 2, 1]"
c64afa9a,59dccabb,20,Efficiency1 (Fitness/Params),1,1.9387132225580257,1622955.0,837130,116560000,"[6, 15, 15, 4, 14, 14, 14, 7, 6, 14, 12, 14, 7, 3, 11, 8, 10, 8, 10, 4]","[2, 2, 0, 0, 0, 0, 2]"
91992d1d,716bcf41,20,Efficiency1 (Fitness/Params),2,1.727052164695503,1573873.0,911306,142573184,"[13, 10, 13, 14, 13, 15, 14, 14, 9, 8, 6, 14, 7, 7, 8, 9, 1, 14, 16, 4]","[0, 0, 2, 0, 1, 0, 0]"
1a122e18,055a3fd3,20,Efficiency1 (Fitness/Params),3,1.6693078661898555,1954015.0,1170554,160066432,"[7, 13, 7, 15, 14, 5, 5, 14, 4, 14, 13, 7, 13, 14, 11, 1, 7, 2, 6, 4]","[0, 2, 1, 2, 0, 0, 1]"
22cdf9de,859e4854,20,Efficiency1 (Fitness/Params),4,1.5452054477265194,2135032.0,1381714,206170624,"[7, 14, 7, 15, 15, 7, 15, 7, 7, 2, 14, 15, 14, 15, 6, 4, 12, 16, 8, 10]","[0, 2, 2, 1, 1, 1, 0]"
4d6ef628,4e520844,20,Efficiency1 (Fitness/Params),5,1.514868861648802,2232132.0,1473482,181034624,"[6, 6, 6, 4, 6, 6, 14, 7, 1, 15, 15, 15, 13, 12, 6, 13, 13, 4, 14, 7]","[2, 2, 2, 0, 1, 0, 1]"
6d61aaf6,59dccabb,20,Efficiency2 (Fitness/FLOPs),1,0.01392377316403569,1622955.0,837130,116560000,"[6, 15, 15, 4, 14, 14, 14, 7, 6, 14, 12, 14, 7, 3, 11, 8, 10, 8, 10, 4]","[2, 2, 0, 0, 0, 0, 2]"
d61a1e97,b767f0e9,20,Efficiency2 (Fitness/FLOPs),2,0.013073010533803657,2312370.0,1961530,176881216,"[5, 15, 15, 15, 6, 13, 6, 12, 12, 7, 15, 7, 8, 13, 12, 7, 7, 12, 11, 3]","[2, 0, 2, 2, 0, 1, 0]"
74c9c813,4e520844,20,Efficiency2 (Fitness/FLOPs),3,0.012329862380358799,2232132.0,1473482,181034624,"[6, 6, 6, 4, 6, 6, 14, 7, 1, 15, 15, 15, 13, 12, 6, 13, 13, 4, 14, 7]","[2, 2, 2, 0, 1, 0, 1]"
519160bc,055a3fd3,20,Efficiency2 (Fitness/FLOPs),4,0.012207525185542963,1954015.0,1170554,160066432,"[7, 13, 7, 15, 14, 5, 5, 14, 4, 14, 13, 7, 13, 14, 11, 1, 7, 2, 6, 4]","[0, 2, 1, 2, 0, 0, 1]"
32267fb0,cf812f45,20,Efficiency2 (Fitness/FLOPs),5,0.011107738838615723,2268946.0,2557530,204267136,"[6, 15, 4, 7, 12, 14, 14, 15, 14, 7, 14, 12, 5, 5, 6, 2, 12, 4, 5, 15]","[2, 2, 1, 1, 0, 2, 1]"
cc15ea86,59dccabb,20,Efficiency3 (Fitness/Conv+FC FLOPs),1,0.014622607339941529,1622955.0,837130,116560000,"[6, 15, 15, 4, 14, 14, 14, 7, 6, 14, 12, 14, 7, 3, 11, 8, 10, 8, 10, 4]","[2, 2, 0, 0, 0, 0, 2]"
249f5d07,b767f0e9,20,Efficiency3 (Fitness/Conv+FC FLOPs),2,0.013638245619001784,2312370.0,1961530,176881216,"[5, 15, 15, 15, 6, 13, 6, 12, 12, 7, 15, 7, 8, 13, 12, 7, 7, 12, 11, 3]","[2, 0, 2, 2, 0, 1, 0]"
538cd56f,4e520844,20,Efficiency3 (Fitness/Conv+FC FLOPs),3,0.012863034213094404,2232132.0,1473482,181034624,"[6, 6, 6, 4, 6, 6, 14, 7, 1, 15, 15, 15, 13, 12, 6, 13, 13, 4, 14, 7]","[2, 2, 2, 0, 1, 0, 1]"
ad424cc1,055a3fd3,20,Efficiency3 (Fitness/Conv+FC FLOPs),4,0.012770159338995486,1954015.0,1170554,160066432,"[7, 13, 7, 15, 14, 5, 5, 14, 4, 14, 13, 7, 13, 14, 11, 1, 7, 2, 6, 4]","[0, 2, 1, 2, 0, 0, 1]"
844486bf,716bcf41,20,Efficiency3 (Fitness/Conv+FC FLOPs),5,0.011528834843835118,1573873.0,911306,142573184,"[13, 10, 13, 14, 13, 15, 14, 14, 9, 8, 6, 14, 7, 7, 8, 9, 1, 14, 16, 4]","[0, 0, 2, 0, 1, 0, 0]"
